[2026-04-23T22:22:26+09:30] [pyside.py:13] <module>(): Using PySide6 code path.
[2026-04-23T22:22:26+09:30] [Util.py:102] SetValue(): Updating settings: ConfigVersion = v4.6
[2026-04-23T22:22:27+09:30] [LK_Device.py:243] TryConnect(): Trying to connect to /dev/ttyUSB1 at baud rate 1000000 (FlashGBX.hw_GBxCartRW)
[2026-04-23T22:22:27+09:30] [hw_GBxCartRW.py:93] LoadFirmwareVersion(): Querying firmware version
[2026-04-23T22:22:27+09:30] [LK_Device.py:243] TryConnect(): Trying to connect to /dev/ttyUSB1 at baud rate 1500000 (FlashGBX.hw_GBxCartRW)
[2026-04-23T22:22:27+09:30] [hw_GBxCartRW.py:93] LoadFirmwareVersion(): Querying firmware version
[2026-04-23T22:22:27+09:30] [hw_GBxCartRW.py:58] Initialize(): Found a GBxCart RW
[2026-04-23T22:22:27+09:30] [hw_GBxCartRW.py:59] Initialize(): Firmware information: {'cfw_id': 'L', 'fw_ver': 14, 'pcb_ver': 6, 'fw_ts': 1747991884, 'fw_dt': '2025-05-23T18:48:04+09:30', 'ofw_ver': 42, 'pcb_name': 'GBxCart RW', 'cart_power_ctrl': True, 'bootloader_reset': False}
[2026-04-23T22:22:27+09:30] [hw_GBxCartRW.py:60] Initialize(): Baud rate: 1500000
[2026-04-23T22:22:27+09:30] [hw_GBxCartRW.py:185] CheckActive(): Checking if device is active
[2026-04-23T22:22:27+09:30] [LK_Device.py:502] _get_fw_variable(): Getting firmware variable CART_MODE
[2026-04-23T22:22:27+09:30] [LK_Device.py:243] TryConnect(): Trying to connect to /dev/ttyUSB1 at baud rate 2000000 (FlashGBX.hw_GBFlash)
[2026-04-23T22:22:27+09:30] [hw_GBFlash.py:75] LoadFirmwareVersion(): Querying firmware version
[2026-04-23T22:22:27+09:30] [hw_GBFlash.py:137] CheckActive(): Checking if device is active
[2026-04-23T22:22:28+09:30] [LK_Device.py:485] _read(): Error: Received only 0 of 1 byte(s) (ResetLEDs(), line 307)
[2026-04-23T22:22:28+09:30] [LK_Device.py:486] _read(): Timeout value: 1
[2026-04-23T22:22:28+09:30] [LK_Device.py:487] _read(): Traceback:
   File "/usr/bin/flashgbx", line 33, in <module>
    sys.exit(load_entry_point('FlashGBX==4.6', 'console_scripts', 'flashgbx')())
  File "/usr/lib/python3.14/site-packages/FlashGBX/FlashGBX.py", line 217, in main
    app.run()
  File "/usr/lib/python3.14/site-packages/FlashGBX/FlashGBX_GUI.py", line 3649, in run
    qt_app.exec()
  File "/usr/lib/python3.14/site-packages/FlashGBX/FlashGBX_GUI.py", line 310, in <lambda>
    QtCore.QTimer.singleShot(1, lambda: [ self.UpdateCheck(), self.FindDevices(port=args["argparsed"].device_port, firstRun=True) ])
  File "/usr/lib/python3.14/site-packages/FlashGBX/FlashGBX_GUI.py", line 969, in FindDevices
    dev.Close()
  File "/usr/lib/python3.14/site-packages/FlashGBX/hw_GBxCartRW.py", line 323, in Close
    self.ResetLEDs()
  File "/usr/lib/python3.14/site-packages/FlashGBX/hw_GBxCartRW.py", line 307, in ResetLEDs
    self._read(1)

[2026-04-23T22:22:28+09:30] [hw_GBxCartRW.py:185] CheckActive(): Checking if device is active
[2026-04-23T22:22:28+09:30] [LK_Device.py:502] _get_fw_variable(): Getting firmware variable CART_MODE
[2026-04-23T22:22:30+09:30] [LK_Device.py:485] _read(): Error: Received only 2 of 4 byte(s) (_get_fw_variable(), line 518)
[2026-04-23T22:22:30+09:30] [LK_Device.py:486] _read(): Timeout value: 1
[2026-04-23T22:22:30+09:30] [LK_Device.py:487] _read(): Traceback:
   File "/usr/bin/flashgbx", line 33, in <module>
    sys.exit(load_entry_point('FlashGBX==4.6', 'console_scripts', 'flashgbx')())
  File "/usr/lib/python3.14/site-packages/FlashGBX/FlashGBX.py", line 217, in main
    app.run()
  File "/usr/lib/python3.14/site-packages/FlashGBX/FlashGBX_GUI.py", line 3649, in run
    qt_app.exec()
  File "/usr/lib/python3.14/site-packages/FlashGBX/FlashGBX_GUI.py", line 310, in <lambda>
    QtCore.QTimer.singleShot(1, lambda: [ self.UpdateCheck(), self.FindDevices(port=args["argparsed"].device_port, firstRun=True) ])
  File "/usr/lib/python3.14/site-packages/FlashGBX/FlashGBX_GUI.py", line 969, in FindDevices
    dev.Close()
  File "/usr/lib/python3.14/site-packages/FlashGBX/hw_GBxCartRW.py", line 326, in Close
    return super().Close(cartPowerOff)
  File "/usr/lib/python3.14/site-packages/FlashGBX/LK_Device.py", line 333, in Close
    if self.IsConnected():
  File "/usr/lib/python3.14/site-packages/FlashGBX/LK_Device.py", line 320, in IsConnected
    return self.CheckActive()
  File "/usr/lib/python3.14/site-packages/FlashGBX/hw_GBxCartRW.py", line 197, in CheckActive
    self._get_fw_variable("CART_MODE")
  File "/usr/lib/python3.14/site-packages/FlashGBX/LK_Device.py", line 518, in _get_fw_variable
    temp = self._read(4)

[2026-04-23T22:22:30+09:30] [LK_Device.py:522] _get_fw_variable(): Communication error: False
[2026-04-23T22:22:30+09:30] [LK_Device.py:334] Close(): Disconnecting from the device
[2026-04-23T22:22:30+09:30] [LK_Device.py:395] wait_for_ack(): CANCEL_ARGS: {}
[2026-04-23T22:22:30+09:30] [LK_Device.py:407] wait_for_ack(): Communication error (Close(), line 343): 4
[2026-04-23T22:22:30+09:30] [LK_Device.py:408] wait_for_ack(): Traceback:
   File "/usr/bin/flashgbx", line 33, in <module>
    sys.exit(load_entry_point('FlashGBX==4.6', 'console_scripts', 'flashgbx')())
  File "/usr/lib/python3.14/site-packages/FlashGBX/FlashGBX.py", line 217, in main
    app.run()
  File "/usr/lib/python3.14/site-packages/FlashGBX/FlashGBX_GUI.py", line 3649, in run
    qt_app.exec()
  File "/usr/lib/python3.14/site-packages/FlashGBX/FlashGBX_GUI.py", line 310, in <lambda>
    QtCore.QTimer.singleShot(1, lambda: [ self.UpdateCheck(), self.FindDevices(port=args["argparsed"].device_port, firstRun=True) ])
  File "/usr/lib/python3.14/site-packages/FlashGBX/FlashGBX_GUI.py", line 969, in FindDevices
    dev.Close()
  File "/usr/lib/python3.14/site-packages/FlashGBX/hw_GBxCartRW.py", line 326, in Close
    return super().Close(cartPowerOff)
  File "/usr/lib/python3.14/site-packages/FlashGBX/LK_Device.py", line 343, in Close
    self._write(self.DEVICE_CMD["SET_VOLTAGE_3_3V"], wait=self.FW["fw_ver"] >= 12)
  File "/usr/lib/python3.14/site-packages/FlashGBX/LK_Device.py", line 466, in _write
    if wait: return self.wait_for_ack()

[2026-04-23T22:22:30+09:30] [LK_Device.py:243] TryConnect(): Trying to connect to /dev/ttyUSB1 at baud rate 1000000 (FlashGBX.hw_GBxCartRW)
[2026-04-23T22:22:30+09:30] [hw_GBxCartRW.py:93] LoadFirmwareVersion(): Querying firmware version
[2026-04-23T22:22:30+09:30] [LK_Device.py:243] TryConnect(): Trying to connect to /dev/ttyUSB1 at baud rate 1500000 (FlashGBX.hw_GBxCartRW)
[2026-04-23T22:22:30+09:30] [hw_GBxCartRW.py:93] LoadFirmwareVersion(): Querying firmware version
[2026-04-23T22:22:30+09:30] [hw_GBxCartRW.py:58] Initialize(): Found a GBxCart RW
[2026-04-23T22:22:30+09:30] [hw_GBxCartRW.py:59] Initialize(): Firmware information: {'cfw_id': 'L', 'fw_ver': 14, 'pcb_ver': 6, 'fw_ts': 1747991884, 'fw_dt': '2025-05-23T18:48:04+09:30', 'ofw_ver': 42, 'pcb_name': 'GBxCart RW', 'cart_power_ctrl': True, 'bootloader_reset': False}
[2026-04-23T22:22:30+09:30] [hw_GBxCartRW.py:60] Initialize(): Baud rate: 1500000
[2026-04-23T22:22:30+09:30] [LK_Device.py:869] SetAutoPowerOff(): Setting automatic power off time value to 350
[2026-04-23T22:22:30+09:30] [LK_Device.py:527] _set_fw_variable(): Setting firmware variable AUTO_POWEROFF_TIME to 0x15E
[2026-04-23T22:22:30+09:30] [LK_Device.py:527] _set_fw_variable(): Setting firmware variable AUTO_POWEROFF_ENABLED to 0x1
[2026-04-23T22:22:30+09:30] [LK_Device.py:261] SetDMGReadMethod(): Setting DMG Read Method to 1
[2026-04-23T22:22:30+09:30] [LK_Device.py:527] _set_fw_variable(): Setting firmware variable DMG_READ_METHOD to 0x1
[2026-04-23T22:22:30+09:30] [LK_Device.py:268] SetAGBReadMethod(): Setting AGB Read Method to 2
[2026-04-23T22:22:30+09:30] [LK_Device.py:527] _set_fw_variable(): Setting firmware variable AGB_READ_METHOD to 0x2
[2026-04-23T22:22:31+09:30] [hw_GBxCartRW.py:185] CheckActive(): Checking if device is active
[2026-04-23T22:22:31+09:30] [LK_Device.py:502] _get_fw_variable(): Getting firmware variable CART_MODE
[2026-04-23T22:22:31+09:30] [LK_Device.py:527] _set_fw_variable(): Setting firmware variable AGB_READ_METHOD to 0x2
[2026-04-23T22:22:31+09:30] [LK_Device.py:527] _set_fw_variable(): Setting firmware variable CART_MODE to 0x2
[2026-04-23T22:22:31+09:30] [LK_Device.py:527] _set_fw_variable(): Setting firmware variable AGB_IRQ_ENABLED to 0x0
[2026-04-23T22:22:31+09:30] [LK_Device.py:527] _set_fw_variable(): Setting firmware variable ADDRESS to 0x0
[2026-04-23T22:22:31+09:30] [LK_Device.py:746] CartPowerOn(): Turning on the cartridge power
[2026-04-23T22:22:31+09:30] [LK_Device.py:785] CartPowerOn(): Executing AGB Bootup Sequence
[2026-04-23T22:22:32+09:30] [LK_Device.py:578] _cart_write(): Writing to cartridge: 0x0 = 0xFF (args: False, False)
[2026-04-23T22:22:32+09:30] [LK_Device.py:1461] ReadROM(): Reading 0x180 bytes from cartridge ROM at 0x0 in 6 iteration(s)
[2026-04-23T22:22:32+09:30] [LK_Device.py:527] _set_fw_variable(): Setting firmware variable TRANSFER_SIZE to 0x40
[2026-04-23T22:22:32+09:30] [LK_Device.py:527] _set_fw_variable(): Setting firmware variable ADDRESS to 0x0
[2026-04-23T22:22:32+09:30] [LK_Device.py:1461] ReadROM(): Reading 0x40 bytes from cartridge ROM at 0x100A0 in 1 iteration(s)
[2026-04-23T22:22:32+09:30] [LK_Device.py:527] _set_fw_variable(): Setting firmware variable TRANSFER_SIZE to 0x40
[2026-04-23T22:22:32+09:30] [LK_Device.py:527] _set_fw_variable(): Setting firmware variable ADDRESS to 0x8050
[2026-04-23T22:22:32+09:30] [LK_Device.py:1461] ReadROM(): Reading 0x40 bytes from cartridge ROM at 0x200A0 in 1 iteration(s)
[2026-04-23T22:22:32+09:30] [LK_Device.py:527] _set_fw_variable(): Setting firmware variable TRANSFER_SIZE to 0x40
[2026-04-23T22:22:32+09:30] [LK_Device.py:527] _set_fw_variable(): Setting firmware variable ADDRESS to 0x10050
[2026-04-23T22:22:32+09:30] [LK_Device.py:1461] ReadROM(): Reading 0x40 bytes from cartridge ROM at 0x400A0 in 1 iteration(s)
[2026-04-23T22:22:32+09:30] [LK_Device.py:527] _set_fw_variable(): Setting firmware variable TRANSFER_SIZE to 0x40
[2026-04-23T22:22:32+09:30] [LK_Device.py:527] _set_fw_variable(): Setting firmware variable ADDRESS to 0x20050
[2026-04-23T22:22:32+09:30] [LK_Device.py:1461] ReadROM(): Reading 0x40 bytes from cartridge ROM at 0x800A0 in 1 iteration(s)
[2026-04-23T22:22:32+09:30] [LK_Device.py:527] _set_fw_variable(): Setting firmware variable TRANSFER_SIZE to 0x40
[2026-04-23T22:22:32+09:30] [LK_Device.py:527] _set_fw_variable(): Setting firmware variable ADDRESS to 0x40050
[2026-04-23T22:22:32+09:30] [LK_Device.py:1461] ReadROM(): Reading 0x40 bytes from cartridge ROM at 0x1000A0 in 1 iteration(s)
[2026-04-23T22:22:32+09:30] [LK_Device.py:527] _set_fw_variable(): Setting firmware variable TRANSFER_SIZE to 0x40
[2026-04-23T22:22:32+09:30] [LK_Device.py:527] _set_fw_variable(): Setting firmware variable ADDRESS to 0x80050
[2026-04-23T22:22:32+09:30] [LK_Device.py:1461] ReadROM(): Reading 0x40 bytes from cartridge ROM at 0x2000A0 in 1 iteration(s)
[2026-04-23T22:22:32+09:30] [LK_Device.py:527] _set_fw_variable(): Setting firmware variable TRANSFER_SIZE to 0x40
[2026-04-23T22:22:32+09:30] [LK_Device.py:527] _set_fw_variable(): Setting firmware variable ADDRESS to 0x100050
[2026-04-23T22:22:32+09:30] [LK_Device.py:1461] ReadROM(): Reading 0x40 bytes from cartridge ROM at 0x4000A0 in 1 iteration(s)
[2026-04-23T22:22:32+09:30] [LK_Device.py:527] _set_fw_variable(): Setting firmware variable TRANSFER_SIZE to 0x40
[2026-04-23T22:22:32+09:30] [LK_Device.py:527] _set_fw_variable(): Setting firmware variable ADDRESS to 0x200050
[2026-04-23T22:22:32+09:30] [LK_Device.py:1461] ReadROM(): Reading 0x40 bytes from cartridge ROM at 0x8000A0 in 1 iteration(s)
[2026-04-23T22:22:32+09:30] [LK_Device.py:527] _set_fw_variable(): Setting firmware variable TRANSFER_SIZE to 0x40
[2026-04-23T22:22:32+09:30] [LK_Device.py:527] _set_fw_variable(): Setting firmware variable ADDRESS to 0x400050
[2026-04-23T22:22:32+09:30] [LK_Device.py:1461] ReadROM(): Reading 0x40 bytes from cartridge ROM at 0x10000A0 in 1 iteration(s)
[2026-04-23T22:22:32+09:30] [LK_Device.py:527] _set_fw_variable(): Setting firmware variable TRANSFER_SIZE to 0x40
[2026-04-23T22:22:32+09:30] [LK_Device.py:527] _set_fw_variable(): Setting firmware variable ADDRESS to 0x800050
[2026-04-23T22:22:32+09:30] [LK_Device.py:1461] ReadROM(): Reading 0xC bytes from cartridge ROM at 0x1FFE000 in 1 iteration(s)
[2026-04-23T22:22:32+09:30] [LK_Device.py:527] _set_fw_variable(): Setting firmware variable TRANSFER_SIZE to 0xC
[2026-04-23T22:22:32+09:30] [LK_Device.py:527] _set_fw_variable(): Setting firmware variable ADDRESS to 0xFFF000
[2026-04-23T22:22:32+09:30] [Mapper.py:1686] HasRTC(): Status: 0b11111111
[2026-04-23T22:22:32+09:30] [Mapper.py:1688] HasRTC(): No RTC because of set RTC Status Register Power Flag: 1
[2026-04-23T22:22:32+09:30] [LK_Device.py:1098] ReadInfo(): Header data: {'empty_nocart': False, 'empty': False, 'logo_correct': True, 'logo': <PIL.Image.Image image mode=P size=104x16 at 0x7F047FF6DF90>, 'game_title_raw': 'POKEMON RUBY', 'game_title': 'POKEMON RUBY', 'game_code_raw': 'AXVJ', 'game_code': 'AXVJ', 'maker_code': '01', 'header_checksum': 60, 'header_checksum_calc': 60, 'header_checksum_correct': True, 'header_sha1': 'b0620ac64f9caef848057734ec969b22014d5804', 'version': 0, '96h_correct': True, 'rom_checksum_calc': 1811736714, 'rom_size_calc': 384, 'save_type': None, 'save_size': 0, 'vast_fame': False, 'dacs_8m': False, 'ereader': False, 'db': {'gn': 'Pocket Monsters - Ruby', 'ne': '(Japan)', 'gc': 'AGB-AXVJ', 'rc': 3471394586, 'rs': 8388608, 'st': 5, 'ss': 131072, 'lg': 'Ja', 'rg': 'Japan'}, '3d_memory': False, 'rom_size': 33554432, 'rtc_dict': {'string': 'Not available'}, 'rtc_string': 'Not available', 'has_rtc': False}
[2026-04-23T22:22:32+09:30] [LK_Device.py:1461] ReadROM(): Reading 0x40 bytes from cartridge ROM at 0x80 in 1 iteration(s)
[2026-04-23T22:22:32+09:30] [LK_Device.py:527] _set_fw_variable(): Setting firmware variable TRANSFER_SIZE to 0x40
[2026-04-23T22:22:32+09:30] [LK_Device.py:527] _set_fw_variable(): Setting firmware variable ADDRESS to 0x40
[2026-04-23T22:22:32+09:30] [LK_Device.py:1461] ReadROM(): Reading 0x40 bytes from cartridge ROM at 0x80 in 1 iteration(s)
[2026-04-23T22:22:32+09:30] [LK_Device.py:527] _set_fw_variable(): Setting firmware variable TRANSFER_SIZE to 0x40
[2026-04-23T22:22:32+09:30] [LK_Device.py:527] _set_fw_variable(): Setting firmware variable ADDRESS to 0x40
[2026-04-23T22:22:39+09:30] [hw_GBxCartRW.py:185] CheckActive(): Checking if device is active
[2026-04-23T22:22:39+09:30] [LK_Device.py:502] _get_fw_variable(): Getting firmware variable CART_MODE
[2026-04-23T22:22:39+09:30] [LK_Device.py:502] _get_fw_variable(): Getting firmware variable CART_MODE
[2026-04-23T22:22:42+09:30] [Util.py:102] SetValue(): Updating settings: LastDirSaveDataAGB = /home/joelle/Desktop
[2026-04-23T22:22:42+09:30] [hw_GBxCartRW.py:185] CheckActive(): Checking if device is active
[2026-04-23T22:22:42+09:30] [LK_Device.py:502] _get_fw_variable(): Getting firmware variable CART_MODE
[2026-04-23T22:22:42+09:30] [LK_Device.py:746] CartPowerOn(): Turning on the cartridge power
[2026-04-23T22:22:42+09:30] [LK_Device.py:785] CartPowerOn(): Executing AGB Bootup Sequence
[2026-04-23T22:22:43+09:30] [LK_Device.py:578] _cart_write(): Writing to cartridge: 0x0 = 0xFF (args: False, False)
[2026-04-23T22:22:43+09:30] [LK_Device.py:502] _get_fw_variable(): Getting firmware variable AUTO_POWEROFF_ENABLED
[2026-04-23T22:22:43+09:30] [LK_Device.py:502] _get_fw_variable(): Getting firmware variable AUTO_POWEROFF_TIME
[2026-04-23T22:22:43+09:30] [LK_Device.py:527] _set_fw_variable(): Setting firmware variable AUTO_POWEROFF_TIME to 0x1388
[2026-04-23T22:22:43+09:30] [LK_Device.py:4737] TransferData(): args: {'path': '/home/joelle/Desktop/Pocket Monsters - Ruby (Japan).sav', 'mbc': 0, 'save_type': 5, 'rtc': False, 'rtc_advance': False, 'erase': False, 'verify_write': True, 'cart_type': 0, 'mode': 3, 'port': <FlashGBX.hw_GBxCartRW.GbxDevice object at 0x7f047d732660>}
[2026-04-23T22:22:43+09:30] [LK_Device.py:527] _set_fw_variable(): Setting firmware variable STATUS_REGISTER_MASK to 0x80
[2026-04-23T22:22:43+09:30] [LK_Device.py:527] _set_fw_variable(): Setting firmware variable STATUS_REGISTER_VALUE to 0x80
[2026-04-23T22:22:43+09:30] [LK_Device.py:1413] ReadFlashSaveID(): Checking Flash ID of Save Memory
[2026-04-23T22:22:43+09:30] [LK_Device.py:1528] ReadRAM(): Reading 0x10 bytes from cartridge RAM in 1 iteration(s)
[2026-04-23T22:22:43+09:30] [LK_Device.py:527] _set_fw_variable(): Setting firmware variable TRANSFER_SIZE to 0x10
[2026-04-23T22:22:43+09:30] [LK_Device.py:527] _set_fw_variable(): Setting firmware variable ADDRESS to 0x0
[2026-04-23T22:22:43+09:30] [LK_Device.py:631] _cart_write_flash(): Writing to cartridge: 0x4 = 0xFF (1 of 1)
[2026-04-23T22:22:43+09:30] [LK_Device.py:1528] ReadRAM(): Reading 0x10 bytes from cartridge RAM in 1 iteration(s)
[2026-04-23T22:22:43+09:30] [LK_Device.py:527] _set_fw_variable(): Setting firmware variable TRANSFER_SIZE to 0x10
[2026-04-23T22:22:43+09:30] [LK_Device.py:527] _set_fw_variable(): Setting firmware variable ADDRESS to 0x0
[2026-04-23T22:22:43+09:30] [LK_Device.py:631] _cart_write_flash(): Writing to cartridge: 0x4 = 0x0 (1 of 1)
[2026-04-23T22:22:43+09:30] [LK_Device.py:1528] ReadRAM(): Reading 0x1 bytes from cartridge RAM in 1 iteration(s)
[2026-04-23T22:22:43+09:30] [LK_Device.py:527] _set_fw_variable(): Setting firmware variable TRANSFER_SIZE to 0x1
[2026-04-23T22:22:43+09:30] [LK_Device.py:527] _set_fw_variable(): Setting firmware variable ADDRESS to 0x5555
[2026-04-23T22:22:43+09:30] [LK_Device.py:1528] ReadRAM(): Reading 0x1 bytes from cartridge RAM in 1 iteration(s)
[2026-04-23T22:22:43+09:30] [LK_Device.py:527] _set_fw_variable(): Setting firmware variable TRANSFER_SIZE to 0x1
[2026-04-23T22:22:43+09:30] [LK_Device.py:527] _set_fw_variable(): Setting firmware variable ADDRESS to 0x2AAA
[2026-04-23T22:22:43+09:30] [LK_Device.py:1528] ReadRAM(): Reading 0x1 bytes from cartridge RAM in 1 iteration(s)
[2026-04-23T22:22:43+09:30] [LK_Device.py:527] _set_fw_variable(): Setting firmware variable TRANSFER_SIZE to 0x1
[2026-04-23T22:22:43+09:30] [LK_Device.py:527] _set_fw_variable(): Setting firmware variable ADDRESS to 0x0
[2026-04-23T22:22:43+09:30] [LK_Device.py:631] _cart_write_flash(): Writing to cartridge: 0x5555 = 0xAA (1 of 3)
[2026-04-23T22:22:43+09:30] [LK_Device.py:631] _cart_write_flash(): Writing to cartridge: 0x2AAA = 0x55 (2 of 3)
[2026-04-23T22:22:43+09:30] [LK_Device.py:631] _cart_write_flash(): Writing to cartridge: 0x5555 = 0x90 (3 of 3)
[2026-04-23T22:22:43+09:30] [LK_Device.py:1528] ReadRAM(): Reading 0x2 bytes from cartridge RAM in 1 iteration(s)
[2026-04-23T22:22:43+09:30] [LK_Device.py:527] _set_fw_variable(): Setting firmware variable TRANSFER_SIZE to 0x2
[2026-04-23T22:22:43+09:30] [LK_Device.py:527] _set_fw_variable(): Setting firmware variable ADDRESS to 0x0
[2026-04-23T22:22:43+09:30] [LK_Device.py:631] _cart_write_flash(): Writing to cartridge: 0x5555 = 0xAA (1 of 3)
[2026-04-23T22:22:43+09:30] [LK_Device.py:631] _cart_write_flash(): Writing to cartridge: 0x2AAA = 0x55 (2 of 3)
[2026-04-23T22:22:43+09:30] [LK_Device.py:631] _cart_write_flash(): Writing to cartridge: 0x5555 = 0xF0 (3 of 3)
[2026-04-23T22:22:43+09:30] [LK_Device.py:631] _cart_write_flash(): Writing to cartridge: 0x0 = 0xF0 (1 of 1)
[2026-04-23T22:22:43+09:30] [LK_Device.py:1456] ReadFlashSaveID(): Macronix MX29L010
[2026-04-23T22:22:43+09:30] [LK_Device.py:3271] _BackupRestoreRAM(): Switching to FLASH bank 0
[2026-04-23T22:22:43+09:30] [LK_Device.py:631] _cart_write_flash(): Writing to cartridge: 0x5555 = 0xAA (1 of 4)
[2026-04-23T22:22:43+09:30] [LK_Device.py:631] _cart_write_flash(): Writing to cartridge: 0x2AAA = 0x55 (2 of 4)
[2026-04-23T22:22:43+09:30] [LK_Device.py:631] _cart_write_flash(): Writing to cartridge: 0x5555 = 0xB0 (3 of 4)
[2026-04-23T22:22:43+09:30] [LK_Device.py:631] _cart_write_flash(): Writing to cartridge: 0x0 = 0x0 (4 of 4)
[2026-04-23T22:22:43+09:30] [LK_Device.py:3284] _BackupRestoreRAM(): start_address=0x0, end_address=0x10000, buffer_len=0x1000, buffer_offset=0x0
[2026-04-23T22:22:43+09:30] [LK_Device.py:3366] _BackupRestoreRAM(): Erasing flash save sector; pos=0x0, sector_address=0x0
[2026-04-23T22:22:43+09:30] [LK_Device.py:631] _cart_write_flash(): Writing to cartridge: 0x5555 = 0xAA (1 of 6)
[2026-04-23T22:22:43+09:30] [LK_Device.py:631] _cart_write_flash(): Writing to cartridge: 0x2AAA = 0x55 (2 of 6)
[2026-04-23T22:22:43+09:30] [LK_Device.py:631] _cart_write_flash(): Writing to cartridge: 0x5555 = 0x80 (3 of 6)
[2026-04-23T22:22:43+09:30] [LK_Device.py:631] _cart_write_flash(): Writing to cartridge: 0x5555 = 0xAA (4 of 6)
[2026-04-23T22:22:43+09:30] [LK_Device.py:631] _cart_write_flash(): Writing to cartridge: 0x2AAA = 0x55 (5 of 6)
[2026-04-23T22:22:43+09:30] [LK_Device.py:631] _cart_write_flash(): Writing to cartridge: 0x0 = 0x30 (6 of 6)
[2026-04-23T22:22:43+09:30] [LK_Device.py:1528] ReadRAM(): Reading 0x2 bytes from cartridge RAM in 1 iteration(s)
[2026-04-23T22:22:43+09:30] [LK_Device.py:527] _set_fw_variable(): Setting firmware variable TRANSFER_SIZE to 0x2
[2026-04-23T22:22:43+09:30] [LK_Device.py:527] _set_fw_variable(): Setting firmware variable ADDRESS to 0x0
[2026-04-23T22:22:43+09:30] [LK_Device.py:3385] _BackupRestoreRAM(): Data Check: 0xC4C == 0xFFFF? False
[2026-04-23T22:22:43+09:30] [LK_Device.py:1528] ReadRAM(): Reading 0x2 bytes from cartridge RAM in 1 iteration(s)
[2026-04-23T22:22:43+09:30] [LK_Device.py:527] _set_fw_variable(): Setting firmware variable TRANSFER_SIZE to 0x2
[2026-04-23T22:22:43+09:30] [LK_Device.py:527] _set_fw_variable(): Setting firmware variable ADDRESS to 0x0
[2026-04-23T22:22:43+09:30] [LK_Device.py:3385] _BackupRestoreRAM(): Data Check: 0xC4C == 0xFFFF? False
[2026-04-23T22:22:43+09:30] [LK_Device.py:1528] ReadRAM(): Reading 0x2 bytes from cartridge RAM in 1 iteration(s)
[2026-04-23T22:22:43+09:30] [LK_Device.py:527] _set_fw_variable(): Setting firmware variable TRANSFER_SIZE to 0x2
[2026-04-23T22:22:43+09:30] [LK_Device.py:527] _set_fw_variable(): Setting firmware variable ADDRESS to 0x0
[2026-04-23T22:22:43+09:30] [LK_Device.py:3385] _BackupRestoreRAM(): Data Check: 0xC4C == 0xFFFF? False
[2026-04-23T22:22:43+09:30] [LK_Device.py:1528] ReadRAM(): Reading 0x2 bytes from cartridge RAM in 1 iteration(s)
[2026-04-23T22:22:43+09:30] [LK_Device.py:527] _set_fw_variable(): Setting firmware variable TRANSFER_SIZE to 0x2
[2026-04-23T22:22:43+09:30] [LK_Device.py:527] _set_fw_variable(): Setting firmware variable ADDRESS to 0x0
[2026-04-23T22:22:43+09:30] [LK_Device.py:3385] _BackupRestoreRAM(): Data Check: 0xC4C == 0xFFFF? False
[2026-04-23T22:22:43+09:30] [LK_Device.py:1528] ReadRAM(): Reading 0x2 bytes from cartridge RAM in 1 iteration(s)
[2026-04-23T22:22:43+09:30] [LK_Device.py:527] _set_fw_variable(): Setting firmware variable TRANSFER_SIZE to 0x2
[2026-04-23T22:22:43+09:30] [LK_Device.py:527] _set_fw_variable(): Setting firmware variable ADDRESS to 0x0
[2026-04-23T22:22:43+09:30] [LK_Device.py:3385] _BackupRestoreRAM(): Data Check: 0xFFFF == 0xFFFF? True
[2026-04-23T22:22:43+09:30] [LK_Device.py:1614] WriteRAM(): Writing 0x1000 bytes to cartridge RAM in 16 iteration(s)
[2026-04-23T22:22:43+09:30] [LK_Device.py:527] _set_fw_variable(): Setting firmware variable TRANSFER_SIZE to 0x100
[2026-04-23T22:22:43+09:30] [LK_Device.py:527] _set_fw_variable(): Setting firmware variable ADDRESS to 0x0
[2026-04-23T22:22:43+09:30] [LK_Device.py:3366] _BackupRestoreRAM(): Erasing flash save sector; pos=0x1000, sector_address=0x1000
[2026-04-23T22:22:43+09:30] [LK_Device.py:631] _cart_write_flash(): Writing to cartridge: 0x5555 = 0xAA (1 of 6)
[2026-04-23T22:22:43+09:30] [LK_Device.py:631] _cart_write_flash(): Writing to cartridge: 0x2AAA = 0x55 (2 of 6)
[2026-04-23T22:22:43+09:30] [LK_Device.py:631] _cart_write_flash(): Writing to cartridge: 0x5555 = 0x80 (3 of 6)
[2026-04-23T22:22:43+09:30] [LK_Device.py:631] _cart_write_flash(): Writing to cartridge: 0x5555 = 0xAA (4 of 6)
[2026-04-23T22:22:43+09:30] [LK_Device.py:631] _cart_write_flash(): Writing to cartridge: 0x2AAA = 0x55 (5 of 6)
[2026-04-23T22:22:43+09:30] [LK_Device.py:631] _cart_write_flash(): Writing to cartridge: 0x1000 = 0x30 (6 of 6)
[2026-04-23T22:22:43+09:30] [LK_Device.py:1528] ReadRAM(): Reading 0x2 bytes from cartridge RAM in 1 iteration(s)
[2026-04-23T22:22:43+09:30] [LK_Device.py:527] _set_fw_variable(): Setting firmware variable TRANSFER_SIZE to 0x2
[2026-04-23T22:22:43+09:30] [LK_Device.py:527] _set_fw_variable(): Setting firmware variable ADDRESS to 0x1000
[2026-04-23T22:22:43+09:30] [LK_Device.py:3385] _BackupRestoreRAM(): Data Check: 0xC4C == 0xFFFF? False
[2026-04-23T22:22:43+09:30] [LK_Device.py:1528] ReadRAM(): Reading 0x2 bytes from cartridge RAM in 1 iteration(s)
[2026-04-23T22:22:43+09:30] [LK_Device.py:527] _set_fw_variable(): Setting firmware variable TRANSFER_SIZE to 0x2
[2026-04-23T22:22:43+09:30] [LK_Device.py:527] _set_fw_variable(): Setting firmware variable ADDRESS to 0x1000
[2026-04-23T22:22:43+09:30] [LK_Device.py:3385] _BackupRestoreRAM(): Data Check: 0xC4C == 0xFFFF? False
[2026-04-23T22:22:43+09:30] [LK_Device.py:1528] ReadRAM(): Reading 0x2 bytes from cartridge RAM in 1 iteration(s)
[2026-04-23T22:22:43+09:30] [LK_Device.py:527] _set_fw_variable(): Setting firmware variable TRANSFER_SIZE to 0x2
[2026-04-23T22:22:43+09:30] [LK_Device.py:527] _set_fw_variable(): Setting firmware variable ADDRESS to 0x1000
[2026-04-23T22:22:43+09:30] [LK_Device.py:3385] _BackupRestoreRAM(): Data Check: 0xC4C == 0xFFFF? False
[2026-04-23T22:22:43+09:30] [LK_Device.py:1528] ReadRAM(): Reading 0x2 bytes from cartridge RAM in 1 iteration(s)
[2026-04-23T22:22:43+09:30] [LK_Device.py:527] _set_fw_variable(): Setting firmware variable TRANSFER_SIZE to 0x2
[2026-04-23T22:22:43+09:30] [LK_Device.py:527] _set_fw_variable(): Setting firmware variable ADDRESS to 0x1000
[2026-04-23T22:22:43+09:30] [LK_Device.py:3385] _BackupRestoreRAM(): Data Check: 0xC4C == 0xFFFF? False
[2026-04-23T22:22:43+09:30] [LK_Device.py:1528] ReadRAM(): Reading 0x2 bytes from cartridge RAM in 1 iteration(s)
[2026-04-23T22:22:43+09:30] [LK_Device.py:527] _set_fw_variable(): Setting firmware variable TRANSFER_SIZE to 0x2
[2026-04-23T22:22:43+09:30] [LK_Device.py:527] _set_fw_variable(): Setting firmware variable ADDRESS to 0x1000
[2026-04-23T22:22:43+09:30] [LK_Device.py:3385] _BackupRestoreRAM(): Data Check: 0xFFFF == 0xFFFF? True
[2026-04-23T22:22:43+09:30] [LK_Device.py:1614] WriteRAM(): Writing 0x1000 bytes to cartridge RAM in 16 iteration(s)
[2026-04-23T22:22:43+09:30] [LK_Device.py:527] _set_fw_variable(): Setting firmware variable TRANSFER_SIZE to 0x100
[2026-04-23T22:22:43+09:30] [LK_Device.py:527] _set_fw_variable(): Setting firmware variable ADDRESS to 0x1000
[2026-04-23T22:22:44+09:30] [LK_Device.py:3366] _BackupRestoreRAM(): Erasing flash save sector; pos=0x2000, sector_address=0x2000
[2026-04-23T22:22:44+09:30] [LK_Device.py:631] _cart_write_flash(): Writing to cartridge: 0x5555 = 0xAA (1 of 6)
[2026-04-23T22:22:44+09:30] [LK_Device.py:631] _cart_write_flash(): Writing to cartridge: 0x2AAA = 0x55 (2 of 6)
[2026-04-23T22:22:44+09:30] [LK_Device.py:631] _cart_write_flash(): Writing to cartridge: 0x5555 = 0x80 (3 of 6)
[2026-04-23T22:22:44+09:30] [LK_Device.py:631] _cart_write_flash(): Writing to cartridge: 0x5555 = 0xAA (4 of 6)
[2026-04-23T22:22:44+09:30] [LK_Device.py:631] _cart_write_flash(): Writing to cartridge: 0x2AAA = 0x55 (5 of 6)
[2026-04-23T22:22:44+09:30] [LK_Device.py:631] _cart_write_flash(): Writing to cartridge: 0x2000 = 0x30 (6 of 6)
[2026-04-23T22:22:44+09:30] [LK_Device.py:1528] ReadRAM(): Reading 0x2 bytes from cartridge RAM in 1 iteration(s)
[2026-04-23T22:22:44+09:30] [LK_Device.py:527] _set_fw_variable(): Setting firmware variable TRANSFER_SIZE to 0x2
[2026-04-23T22:22:44+09:30] [LK_Device.py:527] _set_fw_variable(): Setting firmware variable ADDRESS to 0x2000
[2026-04-23T22:22:44+09:30] [LK_Device.py:3385] _BackupRestoreRAM(): Data Check: 0xC4C == 0xFFFF? False
[2026-04-23T22:22:44+09:30] [LK_Device.py:1528] ReadRAM(): Reading 0x2 bytes from cartridge RAM in 1 iteration(s)
[2026-04-23T22:22:44+09:30] [LK_Device.py:527] _set_fw_variable(): Setting firmware variable TRANSFER_SIZE to 0x2
[2026-04-23T22:22:44+09:30] [LK_Device.py:527] _set_fw_variable(): Setting firmware variable ADDRESS to 0x2000
[2026-04-23T22:22:44+09:30] [LK_Device.py:3385] _BackupRestoreRAM(): Data Check: 0xC4C == 0xFFFF? False
[2026-04-23T22:22:44+09:30] [LK_Device.py:1528] ReadRAM(): Reading 0x2 bytes from cartridge RAM in 1 iteration(s)
[2026-04-23T22:22:44+09:30] [LK_Device.py:527] _set_fw_variable(): Setting firmware variable TRANSFER_SIZE to 0x2
[2026-04-23T22:22:44+09:30] [LK_Device.py:527] _set_fw_variable(): Setting firmware variable ADDRESS to 0x2000
[2026-04-23T22:22:44+09:30] [LK_Device.py:3385] _BackupRestoreRAM(): Data Check: 0xC4C == 0xFFFF? False
[2026-04-23T22:22:44+09:30] [LK_Device.py:1528] ReadRAM(): Reading 0x2 bytes from cartridge RAM in 1 iteration(s)
[2026-04-23T22:22:44+09:30] [LK_Device.py:527] _set_fw_variable(): Setting firmware variable TRANSFER_SIZE to 0x2
[2026-04-23T22:22:44+09:30] [LK_Device.py:527] _set_fw_variable(): Setting firmware variable ADDRESS to 0x2000
[2026-04-23T22:22:44+09:30] [LK_Device.py:3385] _BackupRestoreRAM(): Data Check: 0xC4C == 0xFFFF? False
[2026-04-23T22:22:44+09:30] [LK_Device.py:1528] ReadRAM(): Reading 0x2 bytes from cartridge RAM in 1 iteration(s)
[2026-04-23T22:22:44+09:30] [LK_Device.py:527] _set_fw_variable(): Setting firmware variable TRANSFER_SIZE to 0x2
[2026-04-23T22:22:44+09:30] [LK_Device.py:527] _set_fw_variable(): Setting firmware variable ADDRESS to 0x2000
[2026-04-23T22:22:44+09:30] [LK_Device.py:3385] _BackupRestoreRAM(): Data Check: 0xFFFF == 0xFFFF? True
[2026-04-23T22:22:44+09:30] [LK_Device.py:1614] WriteRAM(): Writing 0x1000 bytes to cartridge RAM in 16 iteration(s)
[2026-04-23T22:22:44+09:30] [LK_Device.py:527] _set_fw_variable(): Setting firmware variable TRANSFER_SIZE to 0x100
[2026-04-23T22:22:44+09:30] [LK_Device.py:527] _set_fw_variable(): Setting firmware variable ADDRESS to 0x2000
[2026-04-23T22:22:44+09:30] [LK_Device.py:3366] _BackupRestoreRAM(): Erasing flash save sector; pos=0x3000, sector_address=0x3000
[2026-04-23T22:22:44+09:30] [LK_Device.py:631] _cart_write_flash(): Writing to cartridge: 0x5555 = 0xAA (1 of 6)
[2026-04-23T22:22:44+09:30] [LK_Device.py:631] _cart_write_flash(): Writing to cartridge: 0x2AAA = 0x55 (2 of 6)
[2026-04-23T22:22:44+09:30] [LK_Device.py:631] _cart_write_flash(): Writing to cartridge: 0x5555 = 0x80 (3 of 6)
[2026-04-23T22:22:44+09:30] [LK_Device.py:631] _cart_write_flash(): Writing to cartridge: 0x5555 = 0xAA (4 of 6)
[2026-04-23T22:22:44+09:30] [LK_Device.py:631] _cart_write_flash(): Writing to cartridge: 0x2AAA = 0x55 (5 of 6)
[2026-04-23T22:22:44+09:30] [LK_Device.py:631] _cart_write_flash(): Writing to cartridge: 0x3000 = 0x30 (6 of 6)
[2026-04-23T22:22:44+09:30] [LK_Device.py:1528] ReadRAM(): Reading 0x2 bytes from cartridge RAM in 1 iteration(s)
[2026-04-23T22:22:44+09:30] [LK_Device.py:527] _set_fw_variable(): Setting firmware variable TRANSFER_SIZE to 0x2
[2026-04-23T22:22:44+09:30] [LK_Device.py:527] _set_fw_variable(): Setting firmware variable ADDRESS to 0x3000
[2026-04-23T22:22:44+09:30] [LK_Device.py:3385] _BackupRestoreRAM(): Data Check: 0xC4C == 0xFFFF? False
[2026-04-23T22:22:44+09:30] [LK_Device.py:1528] ReadRAM(): Reading 0x2 bytes from cartridge RAM in 1 iteration(s)
[2026-04-23T22:22:44+09:30] [LK_Device.py:527] _set_fw_variable(): Setting firmware variable TRANSFER_SIZE to 0x2
[2026-04-23T22:22:44+09:30] [LK_Device.py:527] _set_fw_variable(): Setting firmware variable ADDRESS to 0x3000
[2026-04-23T22:22:44+09:30] [LK_Device.py:3385] _BackupRestoreRAM(): Data Check: 0xC4C == 0xFFFF? False
[2026-04-23T22:22:44+09:30] [LK_Device.py:1528] ReadRAM(): Reading 0x2 bytes from cartridge RAM in 1 iteration(s)
[2026-04-23T22:22:44+09:30] [LK_Device.py:527] _set_fw_variable(): Setting firmware variable TRANSFER_SIZE to 0x2
[2026-04-23T22:22:44+09:30] [LK_Device.py:527] _set_fw_variable(): Setting firmware variable ADDRESS to 0x3000
[2026-04-23T22:22:44+09:30] [LK_Device.py:3385] _BackupRestoreRAM(): Data Check: 0xC4C == 0xFFFF? False
[2026-04-23T22:22:44+09:30] [LK_Device.py:1528] ReadRAM(): Reading 0x2 bytes from cartridge RAM in 1 iteration(s)
[2026-04-23T22:22:44+09:30] [LK_Device.py:527] _set_fw_variable(): Setting firmware variable TRANSFER_SIZE to 0x2
[2026-04-23T22:22:44+09:30] [LK_Device.py:527] _set_fw_variable(): Setting firmware variable ADDRESS to 0x3000
[2026-04-23T22:22:44+09:30] [LK_Device.py:3385] _BackupRestoreRAM(): Data Check: 0xC4C == 0xFFFF? False
[2026-04-23T22:22:44+09:30] [LK_Device.py:1528] ReadRAM(): Reading 0x2 bytes from cartridge RAM in 1 iteration(s)
[2026-04-23T22:22:44+09:30] [LK_Device.py:527] _set_fw_variable(): Setting firmware variable TRANSFER_SIZE to 0x2
[2026-04-23T22:22:44+09:30] [LK_Device.py:527] _set_fw_variable(): Setting firmware variable ADDRESS to 0x3000
[2026-04-23T22:22:44+09:30] [LK_Device.py:3385] _BackupRestoreRAM(): Data Check: 0xFFFF == 0xFFFF? True
[2026-04-23T22:22:44+09:30] [LK_Device.py:1614] WriteRAM(): Writing 0x1000 bytes to cartridge RAM in 16 iteration(s)
[2026-04-23T22:22:44+09:30] [LK_Device.py:527] _set_fw_variable(): Setting firmware variable TRANSFER_SIZE to 0x100
[2026-04-23T22:22:44+09:30] [LK_Device.py:527] _set_fw_variable(): Setting firmware variable ADDRESS to 0x3000
[2026-04-23T22:22:44+09:30] [LK_Device.py:3366] _BackupRestoreRAM(): Erasing flash save sector; pos=0x4000, sector_address=0x4000
[2026-04-23T22:22:44+09:30] [LK_Device.py:631] _cart_write_flash(): Writing to cartridge: 0x5555 = 0xAA (1 of 6)
[2026-04-23T22:22:44+09:30] [LK_Device.py:631] _cart_write_flash(): Writing to cartridge: 0x2AAA = 0x55 (2 of 6)
[2026-04-23T22:22:44+09:30] [LK_Device.py:631] _cart_write_flash(): Writing to cartridge: 0x5555 = 0x80 (3 of 6)
[2026-04-23T22:22:44+09:30] [LK_Device.py:631] _cart_write_flash(): Writing to cartridge: 0x5555 = 0xAA (4 of 6)
[2026-04-23T22:22:44+09:30] [LK_Device.py:631] _cart_write_flash(): Writing to cartridge: 0x2AAA = 0x55 (5 of 6)
[2026-04-23T22:22:44+09:30] [LK_Device.py:631] _cart_write_flash(): Writing to cartridge: 0x4000 = 0x30 (6 of 6)
[2026-04-23T22:22:44+09:30] [LK_Device.py:1528] ReadRAM(): Reading 0x2 bytes from cartridge RAM in 1 iteration(s)
[2026-04-23T22:22:44+09:30] [LK_Device.py:527] _set_fw_variable(): Setting firmware variable TRANSFER_SIZE to 0x2
[2026-04-23T22:22:44+09:30] [LK_Device.py:527] _set_fw_variable(): Setting firmware variable ADDRESS to 0x4000
[2026-04-23T22:22:44+09:30] [LK_Device.py:3385] _BackupRestoreRAM(): Data Check: 0xC4C == 0xFFFF? False
[2026-04-23T22:22:44+09:30] [LK_Device.py:1528] ReadRAM(): Reading 0x2 bytes from cartridge RAM in 1 iteration(s)
[2026-04-23T22:22:44+09:30] [LK_Device.py:527] _set_fw_variable(): Setting firmware variable TRANSFER_SIZE to 0x2
[2026-04-23T22:22:44+09:30] [LK_Device.py:527] _set_fw_variable(): Setting firmware variable ADDRESS to 0x4000
[2026-04-23T22:22:44+09:30] [LK_Device.py:3385] _BackupRestoreRAM(): Data Check: 0xC4C == 0xFFFF? False
[2026-04-23T22:22:44+09:30] [LK_Device.py:1528] ReadRAM(): Reading 0x2 bytes from cartridge RAM in 1 iteration(s)
[2026-04-23T22:22:44+09:30] [LK_Device.py:527] _set_fw_variable(): Setting firmware variable TRANSFER_SIZE to 0x2
[2026-04-23T22:22:44+09:30] [LK_Device.py:527] _set_fw_variable(): Setting firmware variable ADDRESS to 0x4000
[2026-04-23T22:22:44+09:30] [LK_Device.py:3385] _BackupRestoreRAM(): Data Check: 0xC4C == 0xFFFF? False
[2026-04-23T22:22:44+09:30] [LK_Device.py:1528] ReadRAM(): Reading 0x2 bytes from cartridge RAM in 1 iteration(s)
[2026-04-23T22:22:44+09:30] [LK_Device.py:527] _set_fw_variable(): Setting firmware variable TRANSFER_SIZE to 0x2
[2026-04-23T22:22:44+09:30] [LK_Device.py:527] _set_fw_variable(): Setting firmware variable ADDRESS to 0x4000
[2026-04-23T22:22:44+09:30] [LK_Device.py:3385] _BackupRestoreRAM(): Data Check: 0xC4C == 0xFFFF? False
[2026-04-23T22:22:44+09:30] [LK_Device.py:1528] ReadRAM(): Reading 0x2 bytes from cartridge RAM in 1 iteration(s)
[2026-04-23T22:22:44+09:30] [LK_Device.py:527] _set_fw_variable(): Setting firmware variable TRANSFER_SIZE to 0x2
[2026-04-23T22:22:44+09:30] [LK_Device.py:527] _set_fw_variable(): Setting firmware variable ADDRESS to 0x4000
[2026-04-23T22:22:44+09:30] [LK_Device.py:3385] _BackupRestoreRAM(): Data Check: 0xFFFF == 0xFFFF? True
[2026-04-23T22:22:44+09:30] [LK_Device.py:1614] WriteRAM(): Writing 0x1000 bytes to cartridge RAM in 16 iteration(s)
[2026-04-23T22:22:44+09:30] [LK_Device.py:527] _set_fw_variable(): Setting firmware variable TRANSFER_SIZE to 0x100
[2026-04-23T22:22:44+09:30] [LK_Device.py:527] _set_fw_variable(): Setting firmware variable ADDRESS to 0x4000
[2026-04-23T22:22:45+09:30] [LK_Device.py:3366] _BackupRestoreRAM(): Erasing flash save sector; pos=0x5000, sector_address=0x5000
[2026-04-23T22:22:45+09:30] [LK_Device.py:631] _cart_write_flash(): Writing to cartridge: 0x5555 = 0xAA (1 of 6)
[2026-04-23T22:22:45+09:30] [LK_Device.py:631] _cart_write_flash(): Writing to cartridge: 0x2AAA = 0x55 (2 of 6)
[2026-04-23T22:22:45+09:30] [LK_Device.py:631] _cart_write_flash(): Writing to cartridge: 0x5555 = 0x80 (3 of 6)
[2026-04-23T22:22:45+09:30] [LK_Device.py:631] _cart_write_flash(): Writing to cartridge: 0x5555 = 0xAA (4 of 6)
[2026-04-23T22:22:45+09:30] [LK_Device.py:631] _cart_write_flash(): Writing to cartridge: 0x2AAA = 0x55 (5 of 6)
[2026-04-23T22:22:45+09:30] [LK_Device.py:631] _cart_write_flash(): Writing to cartridge: 0x5000 = 0x30 (6 of 6)
[2026-04-23T22:22:45+09:30] [LK_Device.py:1528] ReadRAM(): Reading 0x2 bytes from cartridge RAM in 1 iteration(s)
[2026-04-23T22:22:45+09:30] [LK_Device.py:527] _set_fw_variable(): Setting firmware variable TRANSFER_SIZE to 0x2
[2026-04-23T22:22:45+09:30] [LK_Device.py:527] _set_fw_variable(): Setting firmware variable ADDRESS to 0x5000
[2026-04-23T22:22:45+09:30] [LK_Device.py:3385] _BackupRestoreRAM(): Data Check: 0xC4C == 0xFFFF? False
[2026-04-23T22:22:45+09:30] [LK_Device.py:1528] ReadRAM(): Reading 0x2 bytes from cartridge RAM in 1 iteration(s)
[2026-04-23T22:22:45+09:30] [LK_Device.py:527] _set_fw_variable(): Setting firmware variable TRANSFER_SIZE to 0x2
[2026-04-23T22:22:45+09:30] [LK_Device.py:527] _set_fw_variable(): Setting firmware variable ADDRESS to 0x5000
[2026-04-23T22:22:45+09:30] [LK_Device.py:3385] _BackupRestoreRAM(): Data Check: 0xC4C == 0xFFFF? False
[2026-04-23T22:22:45+09:30] [LK_Device.py:1528] ReadRAM(): Reading 0x2 bytes from cartridge RAM in 1 iteration(s)
[2026-04-23T22:22:45+09:30] [LK_Device.py:527] _set_fw_variable(): Setting firmware variable TRANSFER_SIZE to 0x2
[2026-04-23T22:22:45+09:30] [LK_Device.py:527] _set_fw_variable(): Setting firmware variable ADDRESS to 0x5000
[2026-04-23T22:22:45+09:30] [LK_Device.py:3385] _BackupRestoreRAM(): Data Check: 0xC4C == 0xFFFF? False
[2026-04-23T22:22:45+09:30] [LK_Device.py:1528] ReadRAM(): Reading 0x2 bytes from cartridge RAM in 1 iteration(s)
[2026-04-23T22:22:45+09:30] [LK_Device.py:527] _set_fw_variable(): Setting firmware variable TRANSFER_SIZE to 0x2
[2026-04-23T22:22:45+09:30] [LK_Device.py:527] _set_fw_variable(): Setting firmware variable ADDRESS to 0x5000
[2026-04-23T22:22:45+09:30] [LK_Device.py:3385] _BackupRestoreRAM(): Data Check: 0xC4C == 0xFFFF? False
[2026-04-23T22:22:45+09:30] [LK_Device.py:1528] ReadRAM(): Reading 0x2 bytes from cartridge RAM in 1 iteration(s)
[2026-04-23T22:22:45+09:30] [LK_Device.py:527] _set_fw_variable(): Setting firmware variable TRANSFER_SIZE to 0x2
[2026-04-23T22:22:45+09:30] [LK_Device.py:527] _set_fw_variable(): Setting firmware variable ADDRESS to 0x5000
[2026-04-23T22:22:45+09:30] [LK_Device.py:3385] _BackupRestoreRAM(): Data Check: 0xFFFF == 0xFFFF? True
[2026-04-23T22:22:45+09:30] [LK_Device.py:1614] WriteRAM(): Writing 0x1000 bytes to cartridge RAM in 16 iteration(s)
[2026-04-23T22:22:45+09:30] [LK_Device.py:527] _set_fw_variable(): Setting firmware variable TRANSFER_SIZE to 0x100
[2026-04-23T22:22:45+09:30] [LK_Device.py:527] _set_fw_variable(): Setting firmware variable ADDRESS to 0x5000
[2026-04-23T22:22:45+09:30] [LK_Device.py:3366] _BackupRestoreRAM(): Erasing flash save sector; pos=0x6000, sector_address=0x6000
[2026-04-23T22:22:45+09:30] [LK_Device.py:631] _cart_write_flash(): Writing to cartridge: 0x5555 = 0xAA (1 of 6)
[2026-04-23T22:22:45+09:30] [LK_Device.py:631] _cart_write_flash(): Writing to cartridge: 0x2AAA = 0x55 (2 of 6)
[2026-04-23T22:22:45+09:30] [LK_Device.py:631] _cart_write_flash(): Writing to cartridge: 0x5555 = 0x80 (3 of 6)
[2026-04-23T22:22:45+09:30] [LK_Device.py:631] _cart_write_flash(): Writing to cartridge: 0x5555 = 0xAA (4 of 6)
[2026-04-23T22:22:45+09:30] [LK_Device.py:631] _cart_write_flash(): Writing to cartridge: 0x2AAA = 0x55 (5 of 6)
[2026-04-23T22:22:45+09:30] [LK_Device.py:631] _cart_write_flash(): Writing to cartridge: 0x6000 = 0x30 (6 of 6)
[2026-04-23T22:22:45+09:30] [LK_Device.py:1528] ReadRAM(): Reading 0x2 bytes from cartridge RAM in 1 iteration(s)
[2026-04-23T22:22:45+09:30] [LK_Device.py:527] _set_fw_variable(): Setting firmware variable TRANSFER_SIZE to 0x2
[2026-04-23T22:22:45+09:30] [LK_Device.py:527] _set_fw_variable(): Setting firmware variable ADDRESS to 0x6000
[2026-04-23T22:22:45+09:30] [LK_Device.py:3385] _BackupRestoreRAM(): Data Check: 0xC4C == 0xFFFF? False
[2026-04-23T22:22:45+09:30] [LK_Device.py:1528] ReadRAM(): Reading 0x2 bytes from cartridge RAM in 1 iteration(s)
[2026-04-23T22:22:45+09:30] [LK_Device.py:527] _set_fw_variable(): Setting firmware variable TRANSFER_SIZE to 0x2
[2026-04-23T22:22:45+09:30] [LK_Device.py:527] _set_fw_variable(): Setting firmware variable ADDRESS to 0x6000
[2026-04-23T22:22:45+09:30] [LK_Device.py:3385] _BackupRestoreRAM(): Data Check: 0xC4C == 0xFFFF? False
[2026-04-23T22:22:45+09:30] [LK_Device.py:1528] ReadRAM(): Reading 0x2 bytes from cartridge RAM in 1 iteration(s)
[2026-04-23T22:22:45+09:30] [LK_Device.py:527] _set_fw_variable(): Setting firmware variable TRANSFER_SIZE to 0x2
[2026-04-23T22:22:45+09:30] [LK_Device.py:527] _set_fw_variable(): Setting firmware variable ADDRESS to 0x6000
[2026-04-23T22:22:45+09:30] [LK_Device.py:3385] _BackupRestoreRAM(): Data Check: 0xC4C == 0xFFFF? False
[2026-04-23T22:22:45+09:30] [LK_Device.py:1528] ReadRAM(): Reading 0x2 bytes from cartridge RAM in 1 iteration(s)
[2026-04-23T22:22:45+09:30] [LK_Device.py:527] _set_fw_variable(): Setting firmware variable TRANSFER_SIZE to 0x2
[2026-04-23T22:22:45+09:30] [LK_Device.py:527] _set_fw_variable(): Setting firmware variable ADDRESS to 0x6000
[2026-04-23T22:22:45+09:30] [LK_Device.py:3385] _BackupRestoreRAM(): Data Check: 0xC4C == 0xFFFF? False
[2026-04-23T22:22:45+09:30] [LK_Device.py:1528] ReadRAM(): Reading 0x2 bytes from cartridge RAM in 1 iteration(s)
[2026-04-23T22:22:45+09:30] [LK_Device.py:527] _set_fw_variable(): Setting firmware variable TRANSFER_SIZE to 0x2
[2026-04-23T22:22:45+09:30] [LK_Device.py:527] _set_fw_variable(): Setting firmware variable ADDRESS to 0x6000
[2026-04-23T22:22:45+09:30] [LK_Device.py:3385] _BackupRestoreRAM(): Data Check: 0xFFFF == 0xFFFF? True
[2026-04-23T22:22:45+09:30] [LK_Device.py:1614] WriteRAM(): Writing 0x1000 bytes to cartridge RAM in 16 iteration(s)
[2026-04-23T22:22:45+09:30] [LK_Device.py:527] _set_fw_variable(): Setting firmware variable TRANSFER_SIZE to 0x100
[2026-04-23T22:22:45+09:30] [LK_Device.py:527] _set_fw_variable(): Setting firmware variable ADDRESS to 0x6000
[2026-04-23T22:22:45+09:30] [LK_Device.py:3366] _BackupRestoreRAM(): Erasing flash save sector; pos=0x7000, sector_address=0x7000
[2026-04-23T22:22:45+09:30] [LK_Device.py:631] _cart_write_flash(): Writing to cartridge: 0x5555 = 0xAA (1 of 6)
[2026-04-23T22:22:45+09:30] [LK_Device.py:631] _cart_write_flash(): Writing to cartridge: 0x2AAA = 0x55 (2 of 6)
[2026-04-23T22:22:45+09:30] [LK_Device.py:631] _cart_write_flash(): Writing to cartridge: 0x5555 = 0x80 (3 of 6)
[2026-04-23T22:22:45+09:30] [LK_Device.py:631] _cart_write_flash(): Writing to cartridge: 0x5555 = 0xAA (4 of 6)
[2026-04-23T22:22:45+09:30] [LK_Device.py:631] _cart_write_flash(): Writing to cartridge: 0x2AAA = 0x55 (5 of 6)
[2026-04-23T22:22:45+09:30] [LK_Device.py:631] _cart_write_flash(): Writing to cartridge: 0x7000 = 0x30 (6 of 6)
[2026-04-23T22:22:45+09:30] [LK_Device.py:1528] ReadRAM(): Reading 0x2 bytes from cartridge RAM in 1 iteration(s)
[2026-04-23T22:22:45+09:30] [LK_Device.py:527] _set_fw_variable(): Setting firmware variable TRANSFER_SIZE to 0x2
[2026-04-23T22:22:45+09:30] [LK_Device.py:527] _set_fw_variable(): Setting firmware variable ADDRESS to 0x7000
[2026-04-23T22:22:45+09:30] [LK_Device.py:3385] _BackupRestoreRAM(): Data Check: 0xC4C == 0xFFFF? False
[2026-04-23T22:22:45+09:30] [LK_Device.py:1528] ReadRAM(): Reading 0x2 bytes from cartridge RAM in 1 iteration(s)
[2026-04-23T22:22:45+09:30] [LK_Device.py:527] _set_fw_variable(): Setting firmware variable TRANSFER_SIZE to 0x2
[2026-04-23T22:22:45+09:30] [LK_Device.py:527] _set_fw_variable(): Setting firmware variable ADDRESS to 0x7000
[2026-04-23T22:22:45+09:30] [LK_Device.py:3385] _BackupRestoreRAM(): Data Check: 0xC4C == 0xFFFF? False
[2026-04-23T22:22:45+09:30] [LK_Device.py:1528] ReadRAM(): Reading 0x2 bytes from cartridge RAM in 1 iteration(s)
[2026-04-23T22:22:45+09:30] [LK_Device.py:527] _set_fw_variable(): Setting firmware variable TRANSFER_SIZE to 0x2
[2026-04-23T22:22:45+09:30] [LK_Device.py:527] _set_fw_variable(): Setting firmware variable ADDRESS to 0x7000
[2026-04-23T22:22:45+09:30] [LK_Device.py:3385] _BackupRestoreRAM(): Data Check: 0xC4C == 0xFFFF? False
[2026-04-23T22:22:45+09:30] [LK_Device.py:1528] ReadRAM(): Reading 0x2 bytes from cartridge RAM in 1 iteration(s)
[2026-04-23T22:22:45+09:30] [LK_Device.py:527] _set_fw_variable(): Setting firmware variable TRANSFER_SIZE to 0x2
[2026-04-23T22:22:45+09:30] [LK_Device.py:527] _set_fw_variable(): Setting firmware variable ADDRESS to 0x7000
[2026-04-23T22:22:45+09:30] [LK_Device.py:3385] _BackupRestoreRAM(): Data Check: 0xC4C == 0xFFFF? False
[2026-04-23T22:22:45+09:30] [LK_Device.py:1528] ReadRAM(): Reading 0x2 bytes from cartridge RAM in 1 iteration(s)
[2026-04-23T22:22:45+09:30] [LK_Device.py:527] _set_fw_variable(): Setting firmware variable TRANSFER_SIZE to 0x2
[2026-04-23T22:22:45+09:30] [LK_Device.py:527] _set_fw_variable(): Setting firmware variable ADDRESS to 0x7000
[2026-04-23T22:22:45+09:30] [LK_Device.py:3385] _BackupRestoreRAM(): Data Check: 0xFFFF == 0xFFFF? True
[2026-04-23T22:22:45+09:30] [LK_Device.py:1614] WriteRAM(): Writing 0x1000 bytes to cartridge RAM in 16 iteration(s)
[2026-04-23T22:22:45+09:30] [LK_Device.py:527] _set_fw_variable(): Setting firmware variable TRANSFER_SIZE to 0x100
[2026-04-23T22:22:45+09:30] [LK_Device.py:527] _set_fw_variable(): Setting firmware variable ADDRESS to 0x7000
[2026-04-23T22:22:46+09:30] [LK_Device.py:3366] _BackupRestoreRAM(): Erasing flash save sector; pos=0x8000, sector_address=0x8000
[2026-04-23T22:22:46+09:30] [LK_Device.py:631] _cart_write_flash(): Writing to cartridge: 0x5555 = 0xAA (1 of 6)
[2026-04-23T22:22:46+09:30] [LK_Device.py:631] _cart_write_flash(): Writing to cartridge: 0x2AAA = 0x55 (2 of 6)
[2026-04-23T22:22:46+09:30] [LK_Device.py:631] _cart_write_flash(): Writing to cartridge: 0x5555 = 0x80 (3 of 6)
[2026-04-23T22:22:46+09:30] [LK_Device.py:631] _cart_write_flash(): Writing to cartridge: 0x5555 = 0xAA (4 of 6)
[2026-04-23T22:22:46+09:30] [LK_Device.py:631] _cart_write_flash(): Writing to cartridge: 0x2AAA = 0x55 (5 of 6)
[2026-04-23T22:22:46+09:30] [LK_Device.py:631] _cart_write_flash(): Writing to cartridge: 0x8000 = 0x30 (6 of 6)
[2026-04-23T22:22:46+09:30] [LK_Device.py:1528] ReadRAM(): Reading 0x2 bytes from cartridge RAM in 1 iteration(s)
[2026-04-23T22:22:46+09:30] [LK_Device.py:527] _set_fw_variable(): Setting firmware variable TRANSFER_SIZE to 0x2
[2026-04-23T22:22:46+09:30] [LK_Device.py:527] _set_fw_variable(): Setting firmware variable ADDRESS to 0x8000
[2026-04-23T22:22:46+09:30] [LK_Device.py:3385] _BackupRestoreRAM(): Data Check: 0xC4C == 0xFFFF? False
[2026-04-23T22:22:46+09:30] [LK_Device.py:1528] ReadRAM(): Reading 0x2 bytes from cartridge RAM in 1 iteration(s)
[2026-04-23T22:22:46+09:30] [LK_Device.py:527] _set_fw_variable(): Setting firmware variable TRANSFER_SIZE to 0x2
[2026-04-23T22:22:46+09:30] [LK_Device.py:527] _set_fw_variable(): Setting firmware variable ADDRESS to 0x8000
[2026-04-23T22:22:46+09:30] [LK_Device.py:3385] _BackupRestoreRAM(): Data Check: 0xC4C == 0xFFFF? False
[2026-04-23T22:22:46+09:30] [LK_Device.py:1528] ReadRAM(): Reading 0x2 bytes from cartridge RAM in 1 iteration(s)
[2026-04-23T22:22:46+09:30] [LK_Device.py:527] _set_fw_variable(): Setting firmware variable TRANSFER_SIZE to 0x2
[2026-04-23T22:22:46+09:30] [LK_Device.py:527] _set_fw_variable(): Setting firmware variable ADDRESS to 0x8000
[2026-04-23T22:22:46+09:30] [LK_Device.py:3385] _BackupRestoreRAM(): Data Check: 0xC4C == 0xFFFF? False
[2026-04-23T22:22:46+09:30] [LK_Device.py:1528] ReadRAM(): Reading 0x2 bytes from cartridge RAM in 1 iteration(s)
[2026-04-23T22:22:46+09:30] [LK_Device.py:527] _set_fw_variable(): Setting firmware variable TRANSFER_SIZE to 0x2
[2026-04-23T22:22:46+09:30] [LK_Device.py:527] _set_fw_variable(): Setting firmware variable ADDRESS to 0x8000
[2026-04-23T22:22:46+09:30] [LK_Device.py:3385] _BackupRestoreRAM(): Data Check: 0xC4C == 0xFFFF? False
[2026-04-23T22:22:46+09:30] [LK_Device.py:1528] ReadRAM(): Reading 0x2 bytes from cartridge RAM in 1 iteration(s)
[2026-04-23T22:22:46+09:30] [LK_Device.py:527] _set_fw_variable(): Setting firmware variable TRANSFER_SIZE to 0x2
[2026-04-23T22:22:46+09:30] [LK_Device.py:527] _set_fw_variable(): Setting firmware variable ADDRESS to 0x8000
[2026-04-23T22:22:46+09:30] [LK_Device.py:3385] _BackupRestoreRAM(): Data Check: 0xFFFF == 0xFFFF? True
[2026-04-23T22:22:46+09:30] [LK_Device.py:1614] WriteRAM(): Writing 0x1000 bytes to cartridge RAM in 16 iteration(s)
[2026-04-23T22:22:46+09:30] [LK_Device.py:527] _set_fw_variable(): Setting firmware variable TRANSFER_SIZE to 0x100
[2026-04-23T22:22:46+09:30] [LK_Device.py:527] _set_fw_variable(): Setting firmware variable ADDRESS to 0x8000
[2026-04-23T22:22:46+09:30] [LK_Device.py:3366] _BackupRestoreRAM(): Erasing flash save sector; pos=0x9000, sector_address=0x9000
[2026-04-23T22:22:46+09:30] [LK_Device.py:631] _cart_write_flash(): Writing to cartridge: 0x5555 = 0xAA (1 of 6)
[2026-04-23T22:22:46+09:30] [LK_Device.py:631] _cart_write_flash(): Writing to cartridge: 0x2AAA = 0x55 (2 of 6)
[2026-04-23T22:22:46+09:30] [LK_Device.py:631] _cart_write_flash(): Writing to cartridge: 0x5555 = 0x80 (3 of 6)
[2026-04-23T22:22:46+09:30] [LK_Device.py:631] _cart_write_flash(): Writing to cartridge: 0x5555 = 0xAA (4 of 6)
[2026-04-23T22:22:46+09:30] [LK_Device.py:631] _cart_write_flash(): Writing to cartridge: 0x2AAA = 0x55 (5 of 6)
[2026-04-23T22:22:46+09:30] [LK_Device.py:631] _cart_write_flash(): Writing to cartridge: 0x9000 = 0x30 (6 of 6)
[2026-04-23T22:22:46+09:30] [LK_Device.py:1528] ReadRAM(): Reading 0x2 bytes from cartridge RAM in 1 iteration(s)
[2026-04-23T22:22:46+09:30] [LK_Device.py:527] _set_fw_variable(): Setting firmware variable TRANSFER_SIZE to 0x2
[2026-04-23T22:22:46+09:30] [LK_Device.py:527] _set_fw_variable(): Setting firmware variable ADDRESS to 0x9000
[2026-04-23T22:22:46+09:30] [LK_Device.py:3385] _BackupRestoreRAM(): Data Check: 0xC4C == 0xFFFF? False
[2026-04-23T22:22:46+09:30] [LK_Device.py:1528] ReadRAM(): Reading 0x2 bytes from cartridge RAM in 1 iteration(s)
[2026-04-23T22:22:46+09:30] [LK_Device.py:527] _set_fw_variable(): Setting firmware variable TRANSFER_SIZE to 0x2
[2026-04-23T22:22:46+09:30] [LK_Device.py:527] _set_fw_variable(): Setting firmware variable ADDRESS to 0x9000
[2026-04-23T22:22:46+09:30] [LK_Device.py:3385] _BackupRestoreRAM(): Data Check: 0xC4C == 0xFFFF? False
[2026-04-23T22:22:46+09:30] [LK_Device.py:1528] ReadRAM(): Reading 0x2 bytes from cartridge RAM in 1 iteration(s)
[2026-04-23T22:22:46+09:30] [LK_Device.py:527] _set_fw_variable(): Setting firmware variable TRANSFER_SIZE to 0x2
[2026-04-23T22:22:46+09:30] [LK_Device.py:527] _set_fw_variable(): Setting firmware variable ADDRESS to 0x9000
[2026-04-23T22:22:46+09:30] [LK_Device.py:3385] _BackupRestoreRAM(): Data Check: 0xC4C == 0xFFFF? False
[2026-04-23T22:22:46+09:30] [LK_Device.py:1528] ReadRAM(): Reading 0x2 bytes from cartridge RAM in 1 iteration(s)
[2026-04-23T22:22:46+09:30] [LK_Device.py:527] _set_fw_variable(): Setting firmware variable TRANSFER_SIZE to 0x2
[2026-04-23T22:22:46+09:30] [LK_Device.py:527] _set_fw_variable(): Setting firmware variable ADDRESS to 0x9000
[2026-04-23T22:22:46+09:30] [LK_Device.py:3385] _BackupRestoreRAM(): Data Check: 0xC4C == 0xFFFF? False
[2026-04-23T22:22:46+09:30] [LK_Device.py:1528] ReadRAM(): Reading 0x2 bytes from cartridge RAM in 1 iteration(s)
[2026-04-23T22:22:46+09:30] [LK_Device.py:527] _set_fw_variable(): Setting firmware variable TRANSFER_SIZE to 0x2
[2026-04-23T22:22:46+09:30] [LK_Device.py:527] _set_fw_variable(): Setting firmware variable ADDRESS to 0x9000
[2026-04-23T22:22:46+09:30] [LK_Device.py:3385] _BackupRestoreRAM(): Data Check: 0xFFFF == 0xFFFF? True
[2026-04-23T22:22:46+09:30] [LK_Device.py:1614] WriteRAM(): Writing 0x1000 bytes to cartridge RAM in 16 iteration(s)
[2026-04-23T22:22:46+09:30] [LK_Device.py:527] _set_fw_variable(): Setting firmware variable TRANSFER_SIZE to 0x100
[2026-04-23T22:22:46+09:30] [LK_Device.py:527] _set_fw_variable(): Setting firmware variable ADDRESS to 0x9000
[2026-04-23T22:22:46+09:30] [LK_Device.py:3366] _BackupRestoreRAM(): Erasing flash save sector; pos=0xA000, sector_address=0xA000
[2026-04-23T22:22:46+09:30] [LK_Device.py:631] _cart_write_flash(): Writing to cartridge: 0x5555 = 0xAA (1 of 6)
[2026-04-23T22:22:46+09:30] [LK_Device.py:631] _cart_write_flash(): Writing to cartridge: 0x2AAA = 0x55 (2 of 6)
[2026-04-23T22:22:46+09:30] [LK_Device.py:631] _cart_write_flash(): Writing to cartridge: 0x5555 = 0x80 (3 of 6)
[2026-04-23T22:22:46+09:30] [LK_Device.py:631] _cart_write_flash(): Writing to cartridge: 0x5555 = 0xAA (4 of 6)
[2026-04-23T22:22:46+09:30] [LK_Device.py:631] _cart_write_flash(): Writing to cartridge: 0x2AAA = 0x55 (5 of 6)
[2026-04-23T22:22:46+09:30] [LK_Device.py:631] _cart_write_flash(): Writing to cartridge: 0xA000 = 0x30 (6 of 6)
[2026-04-23T22:22:46+09:30] [LK_Device.py:1528] ReadRAM(): Reading 0x2 bytes from cartridge RAM in 1 iteration(s)
[2026-04-23T22:22:46+09:30] [LK_Device.py:527] _set_fw_variable(): Setting firmware variable TRANSFER_SIZE to 0x2
[2026-04-23T22:22:46+09:30] [LK_Device.py:527] _set_fw_variable(): Setting firmware variable ADDRESS to 0xA000
[2026-04-23T22:22:46+09:30] [LK_Device.py:3385] _BackupRestoreRAM(): Data Check: 0xC4C == 0xFFFF? False
[2026-04-23T22:22:46+09:30] [LK_Device.py:1528] ReadRAM(): Reading 0x2 bytes from cartridge RAM in 1 iteration(s)
[2026-04-23T22:22:46+09:30] [LK_Device.py:527] _set_fw_variable(): Setting firmware variable TRANSFER_SIZE to 0x2
[2026-04-23T22:22:46+09:30] [LK_Device.py:527] _set_fw_variable(): Setting firmware variable ADDRESS to 0xA000
[2026-04-23T22:22:46+09:30] [LK_Device.py:3385] _BackupRestoreRAM(): Data Check: 0xC4C == 0xFFFF? False
[2026-04-23T22:22:46+09:30] [LK_Device.py:1528] ReadRAM(): Reading 0x2 bytes from cartridge RAM in 1 iteration(s)
[2026-04-23T22:22:46+09:30] [LK_Device.py:527] _set_fw_variable(): Setting firmware variable TRANSFER_SIZE to 0x2
[2026-04-23T22:22:46+09:30] [LK_Device.py:527] _set_fw_variable(): Setting firmware variable ADDRESS to 0xA000
[2026-04-23T22:22:46+09:30] [LK_Device.py:3385] _BackupRestoreRAM(): Data Check: 0xC4C == 0xFFFF? False
[2026-04-23T22:22:46+09:30] [LK_Device.py:1528] ReadRAM(): Reading 0x2 bytes from cartridge RAM in 1 iteration(s)
[2026-04-23T22:22:46+09:30] [LK_Device.py:527] _set_fw_variable(): Setting firmware variable TRANSFER_SIZE to 0x2
[2026-04-23T22:22:46+09:30] [LK_Device.py:527] _set_fw_variable(): Setting firmware variable ADDRESS to 0xA000
[2026-04-23T22:22:46+09:30] [LK_Device.py:3385] _BackupRestoreRAM(): Data Check: 0xC4C == 0xFFFF? False
[2026-04-23T22:22:46+09:30] [LK_Device.py:1528] ReadRAM(): Reading 0x2 bytes from cartridge RAM in 1 iteration(s)
[2026-04-23T22:22:46+09:30] [LK_Device.py:527] _set_fw_variable(): Setting firmware variable TRANSFER_SIZE to 0x2
[2026-04-23T22:22:46+09:30] [LK_Device.py:527] _set_fw_variable(): Setting firmware variable ADDRESS to 0xA000
[2026-04-23T22:22:46+09:30] [LK_Device.py:3385] _BackupRestoreRAM(): Data Check: 0xFFFF == 0xFFFF? True
[2026-04-23T22:22:46+09:30] [LK_Device.py:1614] WriteRAM(): Writing 0x1000 bytes to cartridge RAM in 16 iteration(s)
[2026-04-23T22:22:46+09:30] [LK_Device.py:527] _set_fw_variable(): Setting firmware variable TRANSFER_SIZE to 0x100
[2026-04-23T22:22:46+09:30] [LK_Device.py:527] _set_fw_variable(): Setting firmware variable ADDRESS to 0xA000
[2026-04-23T22:22:47+09:30] [LK_Device.py:3366] _BackupRestoreRAM(): Erasing flash save sector; pos=0xB000, sector_address=0xB000
[2026-04-23T22:22:47+09:30] [LK_Device.py:631] _cart_write_flash(): Writing to cartridge: 0x5555 = 0xAA (1 of 6)
[2026-04-23T22:22:47+09:30] [LK_Device.py:631] _cart_write_flash(): Writing to cartridge: 0x2AAA = 0x55 (2 of 6)
[2026-04-23T22:22:47+09:30] [LK_Device.py:631] _cart_write_flash(): Writing to cartridge: 0x5555 = 0x80 (3 of 6)
[2026-04-23T22:22:47+09:30] [LK_Device.py:631] _cart_write_flash(): Writing to cartridge: 0x5555 = 0xAA (4 of 6)
[2026-04-23T22:22:47+09:30] [LK_Device.py:631] _cart_write_flash(): Writing to cartridge: 0x2AAA = 0x55 (5 of 6)
[2026-04-23T22:22:47+09:30] [LK_Device.py:631] _cart_write_flash(): Writing to cartridge: 0xB000 = 0x30 (6 of 6)
[2026-04-23T22:22:47+09:30] [LK_Device.py:1528] ReadRAM(): Reading 0x2 bytes from cartridge RAM in 1 iteration(s)
[2026-04-23T22:22:47+09:30] [LK_Device.py:527] _set_fw_variable(): Setting firmware variable TRANSFER_SIZE to 0x2
[2026-04-23T22:22:47+09:30] [LK_Device.py:527] _set_fw_variable(): Setting firmware variable ADDRESS to 0xB000
[2026-04-23T22:22:47+09:30] [LK_Device.py:3385] _BackupRestoreRAM(): Data Check: 0xC4C == 0xFFFF? False
[2026-04-23T22:22:47+09:30] [LK_Device.py:1528] ReadRAM(): Reading 0x2 bytes from cartridge RAM in 1 iteration(s)
[2026-04-23T22:22:47+09:30] [LK_Device.py:527] _set_fw_variable(): Setting firmware variable TRANSFER_SIZE to 0x2
[2026-04-23T22:22:47+09:30] [LK_Device.py:527] _set_fw_variable(): Setting firmware variable ADDRESS to 0xB000
[2026-04-23T22:22:47+09:30] [LK_Device.py:3385] _BackupRestoreRAM(): Data Check: 0xC4C == 0xFFFF? False
[2026-04-23T22:22:47+09:30] [LK_Device.py:1528] ReadRAM(): Reading 0x2 bytes from cartridge RAM in 1 iteration(s)
[2026-04-23T22:22:47+09:30] [LK_Device.py:527] _set_fw_variable(): Setting firmware variable TRANSFER_SIZE to 0x2
[2026-04-23T22:22:47+09:30] [LK_Device.py:527] _set_fw_variable(): Setting firmware variable ADDRESS to 0xB000
[2026-04-23T22:22:47+09:30] [LK_Device.py:3385] _BackupRestoreRAM(): Data Check: 0xC4C == 0xFFFF? False
[2026-04-23T22:22:47+09:30] [LK_Device.py:1528] ReadRAM(): Reading 0x2 bytes from cartridge RAM in 1 iteration(s)
[2026-04-23T22:22:47+09:30] [LK_Device.py:527] _set_fw_variable(): Setting firmware variable TRANSFER_SIZE to 0x2
[2026-04-23T22:22:47+09:30] [LK_Device.py:527] _set_fw_variable(): Setting firmware variable ADDRESS to 0xB000
[2026-04-23T22:22:47+09:30] [LK_Device.py:3385] _BackupRestoreRAM(): Data Check: 0xC4C == 0xFFFF? False
[2026-04-23T22:22:47+09:30] [LK_Device.py:1528] ReadRAM(): Reading 0x2 bytes from cartridge RAM in 1 iteration(s)
[2026-04-23T22:22:47+09:30] [LK_Device.py:527] _set_fw_variable(): Setting firmware variable TRANSFER_SIZE to 0x2
[2026-04-23T22:22:47+09:30] [LK_Device.py:527] _set_fw_variable(): Setting firmware variable ADDRESS to 0xB000
[2026-04-23T22:22:47+09:30] [LK_Device.py:3385] _BackupRestoreRAM(): Data Check: 0xFFFF == 0xFFFF? True
[2026-04-23T22:22:47+09:30] [LK_Device.py:1614] WriteRAM(): Writing 0x1000 bytes to cartridge RAM in 16 iteration(s)
[2026-04-23T22:22:47+09:30] [LK_Device.py:527] _set_fw_variable(): Setting firmware variable TRANSFER_SIZE to 0x100
[2026-04-23T22:22:47+09:30] [LK_Device.py:527] _set_fw_variable(): Setting firmware variable ADDRESS to 0xB000
[2026-04-23T22:22:47+09:30] [LK_Device.py:3366] _BackupRestoreRAM(): Erasing flash save sector; pos=0xC000, sector_address=0xC000
[2026-04-23T22:22:47+09:30] [LK_Device.py:631] _cart_write_flash(): Writing to cartridge: 0x5555 = 0xAA (1 of 6)
[2026-04-23T22:22:47+09:30] [LK_Device.py:631] _cart_write_flash(): Writing to cartridge: 0x2AAA = 0x55 (2 of 6)
[2026-04-23T22:22:47+09:30] [LK_Device.py:631] _cart_write_flash(): Writing to cartridge: 0x5555 = 0x80 (3 of 6)
[2026-04-23T22:22:47+09:30] [LK_Device.py:631] _cart_write_flash(): Writing to cartridge: 0x5555 = 0xAA (4 of 6)
[2026-04-23T22:22:47+09:30] [LK_Device.py:631] _cart_write_flash(): Writing to cartridge: 0x2AAA = 0x55 (5 of 6)
[2026-04-23T22:22:47+09:30] [LK_Device.py:631] _cart_write_flash(): Writing to cartridge: 0xC000 = 0x30 (6 of 6)
[2026-04-23T22:22:47+09:30] [LK_Device.py:1528] ReadRAM(): Reading 0x2 bytes from cartridge RAM in 1 iteration(s)
[2026-04-23T22:22:47+09:30] [LK_Device.py:527] _set_fw_variable(): Setting firmware variable TRANSFER_SIZE to 0x2
[2026-04-23T22:22:47+09:30] [LK_Device.py:527] _set_fw_variable(): Setting firmware variable ADDRESS to 0xC000
[2026-04-23T22:22:47+09:30] [LK_Device.py:3385] _BackupRestoreRAM(): Data Check: 0xC4C == 0xFFFF? False
[2026-04-23T22:22:47+09:30] [LK_Device.py:1528] ReadRAM(): Reading 0x2 bytes from cartridge RAM in 1 iteration(s)
[2026-04-23T22:22:47+09:30] [LK_Device.py:527] _set_fw_variable(): Setting firmware variable TRANSFER_SIZE to 0x2
[2026-04-23T22:22:47+09:30] [LK_Device.py:527] _set_fw_variable(): Setting firmware variable ADDRESS to 0xC000
[2026-04-23T22:22:47+09:30] [LK_Device.py:3385] _BackupRestoreRAM(): Data Check: 0xC4C == 0xFFFF? False
[2026-04-23T22:22:47+09:30] [LK_Device.py:1528] ReadRAM(): Reading 0x2 bytes from cartridge RAM in 1 iteration(s)
[2026-04-23T22:22:47+09:30] [LK_Device.py:527] _set_fw_variable(): Setting firmware variable TRANSFER_SIZE to 0x2
[2026-04-23T22:22:47+09:30] [LK_Device.py:527] _set_fw_variable(): Setting firmware variable ADDRESS to 0xC000
[2026-04-23T22:22:47+09:30] [LK_Device.py:3385] _BackupRestoreRAM(): Data Check: 0xC4C == 0xFFFF? False
[2026-04-23T22:22:47+09:30] [LK_Device.py:1528] ReadRAM(): Reading 0x2 bytes from cartridge RAM in 1 iteration(s)
[2026-04-23T22:22:47+09:30] [LK_Device.py:527] _set_fw_variable(): Setting firmware variable TRANSFER_SIZE to 0x2
[2026-04-23T22:22:47+09:30] [LK_Device.py:527] _set_fw_variable(): Setting firmware variable ADDRESS to 0xC000
[2026-04-23T22:22:47+09:30] [LK_Device.py:3385] _BackupRestoreRAM(): Data Check: 0xC4C == 0xFFFF? False
[2026-04-23T22:22:47+09:30] [LK_Device.py:1528] ReadRAM(): Reading 0x2 bytes from cartridge RAM in 1 iteration(s)
[2026-04-23T22:22:47+09:30] [LK_Device.py:527] _set_fw_variable(): Setting firmware variable TRANSFER_SIZE to 0x2
[2026-04-23T22:22:47+09:30] [LK_Device.py:527] _set_fw_variable(): Setting firmware variable ADDRESS to 0xC000
[2026-04-23T22:22:47+09:30] [LK_Device.py:3385] _BackupRestoreRAM(): Data Check: 0xFFFF == 0xFFFF? True
[2026-04-23T22:22:47+09:30] [LK_Device.py:1614] WriteRAM(): Writing 0x1000 bytes to cartridge RAM in 16 iteration(s)
[2026-04-23T22:22:47+09:30] [LK_Device.py:527] _set_fw_variable(): Setting firmware variable TRANSFER_SIZE to 0x100
[2026-04-23T22:22:47+09:30] [LK_Device.py:527] _set_fw_variable(): Setting firmware variable ADDRESS to 0xC000
[2026-04-23T22:22:47+09:30] [LK_Device.py:3366] _BackupRestoreRAM(): Erasing flash save sector; pos=0xD000, sector_address=0xD000
[2026-04-23T22:22:47+09:30] [LK_Device.py:631] _cart_write_flash(): Writing to cartridge: 0x5555 = 0xAA (1 of 6)
[2026-04-23T22:22:47+09:30] [LK_Device.py:631] _cart_write_flash(): Writing to cartridge: 0x2AAA = 0x55 (2 of 6)
[2026-04-23T22:22:47+09:30] [LK_Device.py:631] _cart_write_flash(): Writing to cartridge: 0x5555 = 0x80 (3 of 6)
[2026-04-23T22:22:47+09:30] [LK_Device.py:631] _cart_write_flash(): Writing to cartridge: 0x5555 = 0xAA (4 of 6)
[2026-04-23T22:22:47+09:30] [LK_Device.py:631] _cart_write_flash(): Writing to cartridge: 0x2AAA = 0x55 (5 of 6)
[2026-04-23T22:22:47+09:30] [LK_Device.py:631] _cart_write_flash(): Writing to cartridge: 0xD000 = 0x30 (6 of 6)
[2026-04-23T22:22:47+09:30] [LK_Device.py:1528] ReadRAM(): Reading 0x2 bytes from cartridge RAM in 1 iteration(s)
[2026-04-23T22:22:47+09:30] [LK_Device.py:527] _set_fw_variable(): Setting firmware variable TRANSFER_SIZE to 0x2
[2026-04-23T22:22:47+09:30] [LK_Device.py:527] _set_fw_variable(): Setting firmware variable ADDRESS to 0xD000
[2026-04-23T22:22:47+09:30] [LK_Device.py:3385] _BackupRestoreRAM(): Data Check: 0xC4C == 0xFFFF? False
[2026-04-23T22:22:47+09:30] [LK_Device.py:1528] ReadRAM(): Reading 0x2 bytes from cartridge RAM in 1 iteration(s)
[2026-04-23T22:22:47+09:30] [LK_Device.py:527] _set_fw_variable(): Setting firmware variable TRANSFER_SIZE to 0x2
[2026-04-23T22:22:47+09:30] [LK_Device.py:527] _set_fw_variable(): Setting firmware variable ADDRESS to 0xD000
[2026-04-23T22:22:47+09:30] [LK_Device.py:3385] _BackupRestoreRAM(): Data Check: 0xC4C == 0xFFFF? False
[2026-04-23T22:22:47+09:30] [LK_Device.py:1528] ReadRAM(): Reading 0x2 bytes from cartridge RAM in 1 iteration(s)
[2026-04-23T22:22:47+09:30] [LK_Device.py:527] _set_fw_variable(): Setting firmware variable TRANSFER_SIZE to 0x2
[2026-04-23T22:22:47+09:30] [LK_Device.py:527] _set_fw_variable(): Setting firmware variable ADDRESS to 0xD000
[2026-04-23T22:22:47+09:30] [LK_Device.py:3385] _BackupRestoreRAM(): Data Check: 0xC4C == 0xFFFF? False
[2026-04-23T22:22:47+09:30] [LK_Device.py:1528] ReadRAM(): Reading 0x2 bytes from cartridge RAM in 1 iteration(s)
[2026-04-23T22:22:47+09:30] [LK_Device.py:527] _set_fw_variable(): Setting firmware variable TRANSFER_SIZE to 0x2
[2026-04-23T22:22:47+09:30] [LK_Device.py:527] _set_fw_variable(): Setting firmware variable ADDRESS to 0xD000
[2026-04-23T22:22:47+09:30] [LK_Device.py:3385] _BackupRestoreRAM(): Data Check: 0xC4C == 0xFFFF? False
[2026-04-23T22:22:47+09:30] [LK_Device.py:1528] ReadRAM(): Reading 0x2 bytes from cartridge RAM in 1 iteration(s)
[2026-04-23T22:22:47+09:30] [LK_Device.py:527] _set_fw_variable(): Setting firmware variable TRANSFER_SIZE to 0x2
[2026-04-23T22:22:47+09:30] [LK_Device.py:527] _set_fw_variable(): Setting firmware variable ADDRESS to 0xD000
[2026-04-23T22:22:47+09:30] [LK_Device.py:3385] _BackupRestoreRAM(): Data Check: 0xFFFF == 0xFFFF? True
[2026-04-23T22:22:47+09:30] [LK_Device.py:1614] WriteRAM(): Writing 0x1000 bytes to cartridge RAM in 16 iteration(s)
[2026-04-23T22:22:47+09:30] [LK_Device.py:527] _set_fw_variable(): Setting firmware variable TRANSFER_SIZE to 0x100
[2026-04-23T22:22:47+09:30] [LK_Device.py:527] _set_fw_variable(): Setting firmware variable ADDRESS to 0xD000
[2026-04-23T22:22:48+09:30] [LK_Device.py:3366] _BackupRestoreRAM(): Erasing flash save sector; pos=0xE000, sector_address=0xE000
[2026-04-23T22:22:48+09:30] [LK_Device.py:631] _cart_write_flash(): Writing to cartridge: 0x5555 = 0xAA (1 of 6)
[2026-04-23T22:22:48+09:30] [LK_Device.py:631] _cart_write_flash(): Writing to cartridge: 0x2AAA = 0x55 (2 of 6)
[2026-04-23T22:22:48+09:30] [LK_Device.py:631] _cart_write_flash(): Writing to cartridge: 0x5555 = 0x80 (3 of 6)
[2026-04-23T22:22:48+09:30] [LK_Device.py:631] _cart_write_flash(): Writing to cartridge: 0x5555 = 0xAA (4 of 6)
[2026-04-23T22:22:48+09:30] [LK_Device.py:631] _cart_write_flash(): Writing to cartridge: 0x2AAA = 0x55 (5 of 6)
[2026-04-23T22:22:48+09:30] [LK_Device.py:631] _cart_write_flash(): Writing to cartridge: 0xE000 = 0x30 (6 of 6)
[2026-04-23T22:22:48+09:30] [LK_Device.py:1528] ReadRAM(): Reading 0x2 bytes from cartridge RAM in 1 iteration(s)
[2026-04-23T22:22:48+09:30] [LK_Device.py:527] _set_fw_variable(): Setting firmware variable TRANSFER_SIZE to 0x2
[2026-04-23T22:22:48+09:30] [LK_Device.py:527] _set_fw_variable(): Setting firmware variable ADDRESS to 0xE000
[2026-04-23T22:22:48+09:30] [LK_Device.py:3385] _BackupRestoreRAM(): Data Check: 0xC4C == 0xFFFF? False
[2026-04-23T22:22:48+09:30] [LK_Device.py:1528] ReadRAM(): Reading 0x2 bytes from cartridge RAM in 1 iteration(s)
[2026-04-23T22:22:48+09:30] [LK_Device.py:527] _set_fw_variable(): Setting firmware variable TRANSFER_SIZE to 0x2
[2026-04-23T22:22:48+09:30] [LK_Device.py:527] _set_fw_variable(): Setting firmware variable ADDRESS to 0xE000
[2026-04-23T22:22:48+09:30] [LK_Device.py:3385] _BackupRestoreRAM(): Data Check: 0xC4C == 0xFFFF? False
[2026-04-23T22:22:48+09:30] [LK_Device.py:1528] ReadRAM(): Reading 0x2 bytes from cartridge RAM in 1 iteration(s)
[2026-04-23T22:22:48+09:30] [LK_Device.py:527] _set_fw_variable(): Setting firmware variable TRANSFER_SIZE to 0x2
[2026-04-23T22:22:48+09:30] [LK_Device.py:527] _set_fw_variable(): Setting firmware variable ADDRESS to 0xE000
[2026-04-23T22:22:48+09:30] [LK_Device.py:3385] _BackupRestoreRAM(): Data Check: 0xC4C == 0xFFFF? False
[2026-04-23T22:22:48+09:30] [LK_Device.py:1528] ReadRAM(): Reading 0x2 bytes from cartridge RAM in 1 iteration(s)
[2026-04-23T22:22:48+09:30] [LK_Device.py:527] _set_fw_variable(): Setting firmware variable TRANSFER_SIZE to 0x2
[2026-04-23T22:22:48+09:30] [LK_Device.py:527] _set_fw_variable(): Setting firmware variable ADDRESS to 0xE000
[2026-04-23T22:22:48+09:30] [LK_Device.py:3385] _BackupRestoreRAM(): Data Check: 0xC4C == 0xFFFF? False
[2026-04-23T22:22:48+09:30] [LK_Device.py:1528] ReadRAM(): Reading 0x2 bytes from cartridge RAM in 1 iteration(s)
[2026-04-23T22:22:48+09:30] [LK_Device.py:527] _set_fw_variable(): Setting firmware variable TRANSFER_SIZE to 0x2
[2026-04-23T22:22:48+09:30] [LK_Device.py:527] _set_fw_variable(): Setting firmware variable ADDRESS to 0xE000
[2026-04-23T22:22:48+09:30] [LK_Device.py:3385] _BackupRestoreRAM(): Data Check: 0xFFFF == 0xFFFF? True
[2026-04-23T22:22:48+09:30] [LK_Device.py:1614] WriteRAM(): Writing 0x1000 bytes to cartridge RAM in 16 iteration(s)
[2026-04-23T22:22:48+09:30] [LK_Device.py:527] _set_fw_variable(): Setting firmware variable TRANSFER_SIZE to 0x100
[2026-04-23T22:22:48+09:30] [LK_Device.py:527] _set_fw_variable(): Setting firmware variable ADDRESS to 0xE000
[2026-04-23T22:22:48+09:30] [LK_Device.py:3366] _BackupRestoreRAM(): Erasing flash save sector; pos=0xF000, sector_address=0xF000
[2026-04-23T22:22:48+09:30] [LK_Device.py:631] _cart_write_flash(): Writing to cartridge: 0x5555 = 0xAA (1 of 6)
[2026-04-23T22:22:48+09:30] [LK_Device.py:631] _cart_write_flash(): Writing to cartridge: 0x2AAA = 0x55 (2 of 6)
[2026-04-23T22:22:48+09:30] [LK_Device.py:631] _cart_write_flash(): Writing to cartridge: 0x5555 = 0x80 (3 of 6)
[2026-04-23T22:22:48+09:30] [LK_Device.py:631] _cart_write_flash(): Writing to cartridge: 0x5555 = 0xAA (4 of 6)
[2026-04-23T22:22:48+09:30] [LK_Device.py:631] _cart_write_flash(): Writing to cartridge: 0x2AAA = 0x55 (5 of 6)
[2026-04-23T22:22:48+09:30] [LK_Device.py:631] _cart_write_flash(): Writing to cartridge: 0xF000 = 0x30 (6 of 6)
[2026-04-23T22:22:48+09:30] [LK_Device.py:1528] ReadRAM(): Reading 0x2 bytes from cartridge RAM in 1 iteration(s)
[2026-04-23T22:22:48+09:30] [LK_Device.py:527] _set_fw_variable(): Setting firmware variable TRANSFER_SIZE to 0x2
[2026-04-23T22:22:48+09:30] [LK_Device.py:527] _set_fw_variable(): Setting firmware variable ADDRESS to 0xF000
[2026-04-23T22:22:48+09:30] [LK_Device.py:3385] _BackupRestoreRAM(): Data Check: 0xC4C == 0xFFFF? False
[2026-04-23T22:22:48+09:30] [LK_Device.py:1528] ReadRAM(): Reading 0x2 bytes from cartridge RAM in 1 iteration(s)
[2026-04-23T22:22:48+09:30] [LK_Device.py:527] _set_fw_variable(): Setting firmware variable TRANSFER_SIZE to 0x2
[2026-04-23T22:22:48+09:30] [LK_Device.py:527] _set_fw_variable(): Setting firmware variable ADDRESS to 0xF000
[2026-04-23T22:22:48+09:30] [LK_Device.py:3385] _BackupRestoreRAM(): Data Check: 0xC4C == 0xFFFF? False
[2026-04-23T22:22:48+09:30] [LK_Device.py:1528] ReadRAM(): Reading 0x2 bytes from cartridge RAM in 1 iteration(s)
[2026-04-23T22:22:48+09:30] [LK_Device.py:527] _set_fw_variable(): Setting firmware variable TRANSFER_SIZE to 0x2
[2026-04-23T22:22:48+09:30] [LK_Device.py:527] _set_fw_variable(): Setting firmware variable ADDRESS to 0xF000
[2026-04-23T22:22:48+09:30] [LK_Device.py:3385] _BackupRestoreRAM(): Data Check: 0xC4C == 0xFFFF? False
[2026-04-23T22:22:48+09:30] [LK_Device.py:1528] ReadRAM(): Reading 0x2 bytes from cartridge RAM in 1 iteration(s)
[2026-04-23T22:22:48+09:30] [LK_Device.py:527] _set_fw_variable(): Setting firmware variable TRANSFER_SIZE to 0x2
[2026-04-23T22:22:48+09:30] [LK_Device.py:527] _set_fw_variable(): Setting firmware variable ADDRESS to 0xF000
[2026-04-23T22:22:48+09:30] [LK_Device.py:3385] _BackupRestoreRAM(): Data Check: 0xC4C == 0xFFFF? False
[2026-04-23T22:22:48+09:30] [LK_Device.py:1528] ReadRAM(): Reading 0x2 bytes from cartridge RAM in 1 iteration(s)
[2026-04-23T22:22:48+09:30] [LK_Device.py:527] _set_fw_variable(): Setting firmware variable TRANSFER_SIZE to 0x2
[2026-04-23T22:22:48+09:30] [LK_Device.py:527] _set_fw_variable(): Setting firmware variable ADDRESS to 0xF000
[2026-04-23T22:22:48+09:30] [LK_Device.py:3385] _BackupRestoreRAM(): Data Check: 0xFFFF == 0xFFFF? True
[2026-04-23T22:22:48+09:30] [LK_Device.py:1614] WriteRAM(): Writing 0x1000 bytes to cartridge RAM in 16 iteration(s)
[2026-04-23T22:22:48+09:30] [LK_Device.py:527] _set_fw_variable(): Setting firmware variable TRANSFER_SIZE to 0x100
[2026-04-23T22:22:48+09:30] [LK_Device.py:527] _set_fw_variable(): Setting firmware variable ADDRESS to 0xF000
[2026-04-23T22:22:48+09:30] [LK_Device.py:3271] _BackupRestoreRAM(): Switching to FLASH bank 1
[2026-04-23T22:22:48+09:30] [LK_Device.py:631] _cart_write_flash(): Writing to cartridge: 0x5555 = 0xAA (1 of 4)
[2026-04-23T22:22:48+09:30] [LK_Device.py:631] _cart_write_flash(): Writing to cartridge: 0x2AAA = 0x55 (2 of 4)
[2026-04-23T22:22:48+09:30] [LK_Device.py:631] _cart_write_flash(): Writing to cartridge: 0x5555 = 0xB0 (3 of 4)
[2026-04-23T22:22:48+09:30] [LK_Device.py:631] _cart_write_flash(): Writing to cartridge: 0x0 = 0x1 (4 of 4)
[2026-04-23T22:22:48+09:30] [LK_Device.py:3284] _BackupRestoreRAM(): start_address=0x0, end_address=0x10000, buffer_len=0x1000, buffer_offset=0x10000
[2026-04-23T22:22:48+09:30] [LK_Device.py:3366] _BackupRestoreRAM(): Erasing flash save sector; pos=0x0, sector_address=0x0
[2026-04-23T22:22:48+09:30] [LK_Device.py:631] _cart_write_flash(): Writing to cartridge: 0x5555 = 0xAA (1 of 6)
[2026-04-23T22:22:48+09:30] [LK_Device.py:631] _cart_write_flash(): Writing to cartridge: 0x2AAA = 0x55 (2 of 6)
[2026-04-23T22:22:48+09:30] [LK_Device.py:631] _cart_write_flash(): Writing to cartridge: 0x5555 = 0x80 (3 of 6)
[2026-04-23T22:22:48+09:30] [LK_Device.py:631] _cart_write_flash(): Writing to cartridge: 0x5555 = 0xAA (4 of 6)
[2026-04-23T22:22:48+09:30] [LK_Device.py:631] _cart_write_flash(): Writing to cartridge: 0x2AAA = 0x55 (5 of 6)
[2026-04-23T22:22:48+09:30] [LK_Device.py:631] _cart_write_flash(): Writing to cartridge: 0x0 = 0x30 (6 of 6)
[2026-04-23T22:22:48+09:30] [LK_Device.py:1528] ReadRAM(): Reading 0x2 bytes from cartridge RAM in 1 iteration(s)
[2026-04-23T22:22:48+09:30] [LK_Device.py:527] _set_fw_variable(): Setting firmware variable TRANSFER_SIZE to 0x2
[2026-04-23T22:22:48+09:30] [LK_Device.py:527] _set_fw_variable(): Setting firmware variable ADDRESS to 0x0
[2026-04-23T22:22:48+09:30] [LK_Device.py:3385] _BackupRestoreRAM(): Data Check: 0xC4C == 0xFFFF? False
[2026-04-23T22:22:48+09:30] [LK_Device.py:1528] ReadRAM(): Reading 0x2 bytes from cartridge RAM in 1 iteration(s)
[2026-04-23T22:22:48+09:30] [LK_Device.py:527] _set_fw_variable(): Setting firmware variable TRANSFER_SIZE to 0x2
[2026-04-23T22:22:48+09:30] [LK_Device.py:527] _set_fw_variable(): Setting firmware variable ADDRESS to 0x0
[2026-04-23T22:22:48+09:30] [LK_Device.py:3385] _BackupRestoreRAM(): Data Check: 0xC4C == 0xFFFF? False
[2026-04-23T22:22:48+09:30] [LK_Device.py:1528] ReadRAM(): Reading 0x2 bytes from cartridge RAM in 1 iteration(s)
[2026-04-23T22:22:48+09:30] [LK_Device.py:527] _set_fw_variable(): Setting firmware variable TRANSFER_SIZE to 0x2
[2026-04-23T22:22:48+09:30] [LK_Device.py:527] _set_fw_variable(): Setting firmware variable ADDRESS to 0x0
[2026-04-23T22:22:48+09:30] [LK_Device.py:3385] _BackupRestoreRAM(): Data Check: 0xC4C == 0xFFFF? False
[2026-04-23T22:22:48+09:30] [LK_Device.py:1528] ReadRAM(): Reading 0x2 bytes from cartridge RAM in 1 iteration(s)
[2026-04-23T22:22:48+09:30] [LK_Device.py:527] _set_fw_variable(): Setting firmware variable TRANSFER_SIZE to 0x2
[2026-04-23T22:22:48+09:30] [LK_Device.py:527] _set_fw_variable(): Setting firmware variable ADDRESS to 0x0
[2026-04-23T22:22:48+09:30] [LK_Device.py:3385] _BackupRestoreRAM(): Data Check: 0xC4C == 0xFFFF? False
[2026-04-23T22:22:48+09:30] [LK_Device.py:1528] ReadRAM(): Reading 0x2 bytes from cartridge RAM in 1 iteration(s)
[2026-04-23T22:22:48+09:30] [LK_Device.py:527] _set_fw_variable(): Setting firmware variable TRANSFER_SIZE to 0x2
[2026-04-23T22:22:48+09:30] [LK_Device.py:527] _set_fw_variable(): Setting firmware variable ADDRESS to 0x0
[2026-04-23T22:22:48+09:30] [LK_Device.py:3385] _BackupRestoreRAM(): Data Check: 0xFFFF == 0xFFFF? True
[2026-04-23T22:22:48+09:30] [LK_Device.py:1614] WriteRAM(): Writing 0x1000 bytes to cartridge RAM in 16 iteration(s)
[2026-04-23T22:22:48+09:30] [LK_Device.py:527] _set_fw_variable(): Setting firmware variable TRANSFER_SIZE to 0x100
[2026-04-23T22:22:48+09:30] [LK_Device.py:527] _set_fw_variable(): Setting firmware variable ADDRESS to 0x0
[2026-04-23T22:22:49+09:30] [LK_Device.py:3366] _BackupRestoreRAM(): Erasing flash save sector; pos=0x1000, sector_address=0x1000
[2026-04-23T22:22:49+09:30] [LK_Device.py:631] _cart_write_flash(): Writing to cartridge: 0x5555 = 0xAA (1 of 6)
[2026-04-23T22:22:49+09:30] [LK_Device.py:631] _cart_write_flash(): Writing to cartridge: 0x2AAA = 0x55 (2 of 6)
[2026-04-23T22:22:49+09:30] [LK_Device.py:631] _cart_write_flash(): Writing to cartridge: 0x5555 = 0x80 (3 of 6)
[2026-04-23T22:22:49+09:30] [LK_Device.py:631] _cart_write_flash(): Writing to cartridge: 0x5555 = 0xAA (4 of 6)
[2026-04-23T22:22:49+09:30] [LK_Device.py:631] _cart_write_flash(): Writing to cartridge: 0x2AAA = 0x55 (5 of 6)
[2026-04-23T22:22:49+09:30] [LK_Device.py:631] _cart_write_flash(): Writing to cartridge: 0x1000 = 0x30 (6 of 6)
[2026-04-23T22:22:49+09:30] [LK_Device.py:1528] ReadRAM(): Reading 0x2 bytes from cartridge RAM in 1 iteration(s)
[2026-04-23T22:22:49+09:30] [LK_Device.py:527] _set_fw_variable(): Setting firmware variable TRANSFER_SIZE to 0x2
[2026-04-23T22:22:49+09:30] [LK_Device.py:527] _set_fw_variable(): Setting firmware variable ADDRESS to 0x1000
[2026-04-23T22:22:49+09:30] [LK_Device.py:3385] _BackupRestoreRAM(): Data Check: 0xC4C == 0xFFFF? False
[2026-04-23T22:22:49+09:30] [LK_Device.py:1528] ReadRAM(): Reading 0x2 bytes from cartridge RAM in 1 iteration(s)
[2026-04-23T22:22:49+09:30] [LK_Device.py:527] _set_fw_variable(): Setting firmware variable TRANSFER_SIZE to 0x2
[2026-04-23T22:22:49+09:30] [LK_Device.py:527] _set_fw_variable(): Setting firmware variable ADDRESS to 0x1000
[2026-04-23T22:22:49+09:30] [LK_Device.py:3385] _BackupRestoreRAM(): Data Check: 0xC4C == 0xFFFF? False
[2026-04-23T22:22:49+09:30] [LK_Device.py:1528] ReadRAM(): Reading 0x2 bytes from cartridge RAM in 1 iteration(s)
[2026-04-23T22:22:49+09:30] [LK_Device.py:527] _set_fw_variable(): Setting firmware variable TRANSFER_SIZE to 0x2
[2026-04-23T22:22:49+09:30] [LK_Device.py:527] _set_fw_variable(): Setting firmware variable ADDRESS to 0x1000
[2026-04-23T22:22:49+09:30] [LK_Device.py:3385] _BackupRestoreRAM(): Data Check: 0xC4C == 0xFFFF? False
[2026-04-23T22:22:49+09:30] [LK_Device.py:1528] ReadRAM(): Reading 0x2 bytes from cartridge RAM in 1 iteration(s)
[2026-04-23T22:22:49+09:30] [LK_Device.py:527] _set_fw_variable(): Setting firmware variable TRANSFER_SIZE to 0x2
[2026-04-23T22:22:49+09:30] [LK_Device.py:527] _set_fw_variable(): Setting firmware variable ADDRESS to 0x1000
[2026-04-23T22:22:49+09:30] [LK_Device.py:3385] _BackupRestoreRAM(): Data Check: 0xC4C == 0xFFFF? False
[2026-04-23T22:22:49+09:30] [LK_Device.py:1528] ReadRAM(): Reading 0x2 bytes from cartridge RAM in 1 iteration(s)
[2026-04-23T22:22:49+09:30] [LK_Device.py:527] _set_fw_variable(): Setting firmware variable TRANSFER_SIZE to 0x2
[2026-04-23T22:22:49+09:30] [LK_Device.py:527] _set_fw_variable(): Setting firmware variable ADDRESS to 0x1000
[2026-04-23T22:22:49+09:30] [LK_Device.py:3385] _BackupRestoreRAM(): Data Check: 0xFFFF == 0xFFFF? True
[2026-04-23T22:22:49+09:30] [LK_Device.py:1614] WriteRAM(): Writing 0x1000 bytes to cartridge RAM in 16 iteration(s)
[2026-04-23T22:22:49+09:30] [LK_Device.py:527] _set_fw_variable(): Setting firmware variable TRANSFER_SIZE to 0x100
[2026-04-23T22:22:49+09:30] [LK_Device.py:527] _set_fw_variable(): Setting firmware variable ADDRESS to 0x1000
[2026-04-23T22:22:49+09:30] [LK_Device.py:3366] _BackupRestoreRAM(): Erasing flash save sector; pos=0x2000, sector_address=0x2000
[2026-04-23T22:22:49+09:30] [LK_Device.py:631] _cart_write_flash(): Writing to cartridge: 0x5555 = 0xAA (1 of 6)
[2026-04-23T22:22:49+09:30] [LK_Device.py:631] _cart_write_flash(): Writing to cartridge: 0x2AAA = 0x55 (2 of 6)
[2026-04-23T22:22:49+09:30] [LK_Device.py:631] _cart_write_flash(): Writing to cartridge: 0x5555 = 0x80 (3 of 6)
[2026-04-23T22:22:49+09:30] [LK_Device.py:631] _cart_write_flash(): Writing to cartridge: 0x5555 = 0xAA (4 of 6)
[2026-04-23T22:22:49+09:30] [LK_Device.py:631] _cart_write_flash(): Writing to cartridge: 0x2AAA = 0x55 (5 of 6)
[2026-04-23T22:22:49+09:30] [LK_Device.py:631] _cart_write_flash(): Writing to cartridge: 0x2000 = 0x30 (6 of 6)
[2026-04-23T22:22:49+09:30] [LK_Device.py:1528] ReadRAM(): Reading 0x2 bytes from cartridge RAM in 1 iteration(s)
[2026-04-23T22:22:49+09:30] [LK_Device.py:527] _set_fw_variable(): Setting firmware variable TRANSFER_SIZE to 0x2
[2026-04-23T22:22:49+09:30] [LK_Device.py:527] _set_fw_variable(): Setting firmware variable ADDRESS to 0x2000
[2026-04-23T22:22:49+09:30] [LK_Device.py:3385] _BackupRestoreRAM(): Data Check: 0xC4C == 0xFFFF? False
[2026-04-23T22:22:49+09:30] [LK_Device.py:1528] ReadRAM(): Reading 0x2 bytes from cartridge RAM in 1 iteration(s)
[2026-04-23T22:22:49+09:30] [LK_Device.py:527] _set_fw_variable(): Setting firmware variable TRANSFER_SIZE to 0x2
[2026-04-23T22:22:49+09:30] [LK_Device.py:527] _set_fw_variable(): Setting firmware variable ADDRESS to 0x2000
[2026-04-23T22:22:49+09:30] [LK_Device.py:3385] _BackupRestoreRAM(): Data Check: 0xC4C == 0xFFFF? False
[2026-04-23T22:22:49+09:30] [LK_Device.py:1528] ReadRAM(): Reading 0x2 bytes from cartridge RAM in 1 iteration(s)
[2026-04-23T22:22:49+09:30] [LK_Device.py:527] _set_fw_variable(): Setting firmware variable TRANSFER_SIZE to 0x2
[2026-04-23T22:22:49+09:30] [LK_Device.py:527] _set_fw_variable(): Setting firmware variable ADDRESS to 0x2000
[2026-04-23T22:22:49+09:30] [LK_Device.py:3385] _BackupRestoreRAM(): Data Check: 0xC4C == 0xFFFF? False
[2026-04-23T22:22:49+09:30] [LK_Device.py:1528] ReadRAM(): Reading 0x2 bytes from cartridge RAM in 1 iteration(s)
[2026-04-23T22:22:49+09:30] [LK_Device.py:527] _set_fw_variable(): Setting firmware variable TRANSFER_SIZE to 0x2
[2026-04-23T22:22:49+09:30] [LK_Device.py:527] _set_fw_variable(): Setting firmware variable ADDRESS to 0x2000
[2026-04-23T22:22:49+09:30] [LK_Device.py:3385] _BackupRestoreRAM(): Data Check: 0xC4C == 0xFFFF? False
[2026-04-23T22:22:49+09:30] [LK_Device.py:1528] ReadRAM(): Reading 0x2 bytes from cartridge RAM in 1 iteration(s)
[2026-04-23T22:22:49+09:30] [LK_Device.py:527] _set_fw_variable(): Setting firmware variable TRANSFER_SIZE to 0x2
[2026-04-23T22:22:49+09:30] [LK_Device.py:527] _set_fw_variable(): Setting firmware variable ADDRESS to 0x2000
[2026-04-23T22:22:49+09:30] [LK_Device.py:3385] _BackupRestoreRAM(): Data Check: 0xFFFF == 0xFFFF? True
[2026-04-23T22:22:49+09:30] [LK_Device.py:1614] WriteRAM(): Writing 0x1000 bytes to cartridge RAM in 16 iteration(s)
[2026-04-23T22:22:49+09:30] [LK_Device.py:527] _set_fw_variable(): Setting firmware variable TRANSFER_SIZE to 0x100
[2026-04-23T22:22:49+09:30] [LK_Device.py:527] _set_fw_variable(): Setting firmware variable ADDRESS to 0x2000
[2026-04-23T22:22:49+09:30] [LK_Device.py:3366] _BackupRestoreRAM(): Erasing flash save sector; pos=0x3000, sector_address=0x3000
[2026-04-23T22:22:49+09:30] [LK_Device.py:631] _cart_write_flash(): Writing to cartridge: 0x5555 = 0xAA (1 of 6)
[2026-04-23T22:22:49+09:30] [LK_Device.py:631] _cart_write_flash(): Writing to cartridge: 0x2AAA = 0x55 (2 of 6)
[2026-04-23T22:22:49+09:30] [LK_Device.py:631] _cart_write_flash(): Writing to cartridge: 0x5555 = 0x80 (3 of 6)
[2026-04-23T22:22:49+09:30] [LK_Device.py:631] _cart_write_flash(): Writing to cartridge: 0x5555 = 0xAA (4 of 6)
[2026-04-23T22:22:49+09:30] [LK_Device.py:631] _cart_write_flash(): Writing to cartridge: 0x2AAA = 0x55 (5 of 6)
[2026-04-23T22:22:49+09:30] [LK_Device.py:631] _cart_write_flash(): Writing to cartridge: 0x3000 = 0x30 (6 of 6)
[2026-04-23T22:22:49+09:30] [LK_Device.py:1528] ReadRAM(): Reading 0x2 bytes from cartridge RAM in 1 iteration(s)
[2026-04-23T22:22:49+09:30] [LK_Device.py:527] _set_fw_variable(): Setting firmware variable TRANSFER_SIZE to 0x2
[2026-04-23T22:22:49+09:30] [LK_Device.py:527] _set_fw_variable(): Setting firmware variable ADDRESS to 0x3000
[2026-04-23T22:22:49+09:30] [LK_Device.py:3385] _BackupRestoreRAM(): Data Check: 0xC4C == 0xFFFF? False
[2026-04-23T22:22:49+09:30] [LK_Device.py:1528] ReadRAM(): Reading 0x2 bytes from cartridge RAM in 1 iteration(s)
[2026-04-23T22:22:49+09:30] [LK_Device.py:527] _set_fw_variable(): Setting firmware variable TRANSFER_SIZE to 0x2
[2026-04-23T22:22:49+09:30] [LK_Device.py:527] _set_fw_variable(): Setting firmware variable ADDRESS to 0x3000
[2026-04-23T22:22:49+09:30] [LK_Device.py:3385] _BackupRestoreRAM(): Data Check: 0xC4C == 0xFFFF? False
[2026-04-23T22:22:49+09:30] [LK_Device.py:1528] ReadRAM(): Reading 0x2 bytes from cartridge RAM in 1 iteration(s)
[2026-04-23T22:22:49+09:30] [LK_Device.py:527] _set_fw_variable(): Setting firmware variable TRANSFER_SIZE to 0x2
[2026-04-23T22:22:49+09:30] [LK_Device.py:527] _set_fw_variable(): Setting firmware variable ADDRESS to 0x3000
[2026-04-23T22:22:49+09:30] [LK_Device.py:3385] _BackupRestoreRAM(): Data Check: 0xC4C == 0xFFFF? False
[2026-04-23T22:22:49+09:30] [LK_Device.py:1528] ReadRAM(): Reading 0x2 bytes from cartridge RAM in 1 iteration(s)
[2026-04-23T22:22:49+09:30] [LK_Device.py:527] _set_fw_variable(): Setting firmware variable TRANSFER_SIZE to 0x2
[2026-04-23T22:22:49+09:30] [LK_Device.py:527] _set_fw_variable(): Setting firmware variable ADDRESS to 0x3000
[2026-04-23T22:22:49+09:30] [LK_Device.py:3385] _BackupRestoreRAM(): Data Check: 0xC4C == 0xFFFF? False
[2026-04-23T22:22:49+09:30] [LK_Device.py:1528] ReadRAM(): Reading 0x2 bytes from cartridge RAM in 1 iteration(s)
[2026-04-23T22:22:49+09:30] [LK_Device.py:527] _set_fw_variable(): Setting firmware variable TRANSFER_SIZE to 0x2
[2026-04-23T22:22:49+09:30] [LK_Device.py:527] _set_fw_variable(): Setting firmware variable ADDRESS to 0x3000
[2026-04-23T22:22:49+09:30] [LK_Device.py:3385] _BackupRestoreRAM(): Data Check: 0xFFFF == 0xFFFF? True
[2026-04-23T22:22:49+09:30] [LK_Device.py:1614] WriteRAM(): Writing 0x1000 bytes to cartridge RAM in 16 iteration(s)
[2026-04-23T22:22:49+09:30] [LK_Device.py:527] _set_fw_variable(): Setting firmware variable TRANSFER_SIZE to 0x100
[2026-04-23T22:22:49+09:30] [LK_Device.py:527] _set_fw_variable(): Setting firmware variable ADDRESS to 0x3000
[2026-04-23T22:22:50+09:30] [LK_Device.py:3366] _BackupRestoreRAM(): Erasing flash save sector; pos=0x4000, sector_address=0x4000
[2026-04-23T22:22:50+09:30] [LK_Device.py:631] _cart_write_flash(): Writing to cartridge: 0x5555 = 0xAA (1 of 6)
[2026-04-23T22:22:50+09:30] [LK_Device.py:631] _cart_write_flash(): Writing to cartridge: 0x2AAA = 0x55 (2 of 6)
[2026-04-23T22:22:50+09:30] [LK_Device.py:631] _cart_write_flash(): Writing to cartridge: 0x5555 = 0x80 (3 of 6)
[2026-04-23T22:22:50+09:30] [LK_Device.py:631] _cart_write_flash(): Writing to cartridge: 0x5555 = 0xAA (4 of 6)
[2026-04-23T22:22:50+09:30] [LK_Device.py:631] _cart_write_flash(): Writing to cartridge: 0x2AAA = 0x55 (5 of 6)
[2026-04-23T22:22:50+09:30] [LK_Device.py:631] _cart_write_flash(): Writing to cartridge: 0x4000 = 0x30 (6 of 6)
[2026-04-23T22:22:50+09:30] [LK_Device.py:1528] ReadRAM(): Reading 0x2 bytes from cartridge RAM in 1 iteration(s)
[2026-04-23T22:22:50+09:30] [LK_Device.py:527] _set_fw_variable(): Setting firmware variable TRANSFER_SIZE to 0x2
[2026-04-23T22:22:50+09:30] [LK_Device.py:527] _set_fw_variable(): Setting firmware variable ADDRESS to 0x4000
[2026-04-23T22:22:50+09:30] [LK_Device.py:3385] _BackupRestoreRAM(): Data Check: 0xC4C == 0xFFFF? False
[2026-04-23T22:22:50+09:30] [LK_Device.py:1528] ReadRAM(): Reading 0x2 bytes from cartridge RAM in 1 iteration(s)
[2026-04-23T22:22:50+09:30] [LK_Device.py:527] _set_fw_variable(): Setting firmware variable TRANSFER_SIZE to 0x2
[2026-04-23T22:22:50+09:30] [LK_Device.py:527] _set_fw_variable(): Setting firmware variable ADDRESS to 0x4000
[2026-04-23T22:22:50+09:30] [LK_Device.py:3385] _BackupRestoreRAM(): Data Check: 0xC4C == 0xFFFF? False
[2026-04-23T22:22:50+09:30] [LK_Device.py:1528] ReadRAM(): Reading 0x2 bytes from cartridge RAM in 1 iteration(s)
[2026-04-23T22:22:50+09:30] [LK_Device.py:527] _set_fw_variable(): Setting firmware variable TRANSFER_SIZE to 0x2
[2026-04-23T22:22:50+09:30] [LK_Device.py:527] _set_fw_variable(): Setting firmware variable ADDRESS to 0x4000
[2026-04-23T22:22:50+09:30] [LK_Device.py:3385] _BackupRestoreRAM(): Data Check: 0xC4C == 0xFFFF? False
[2026-04-23T22:22:50+09:30] [LK_Device.py:1528] ReadRAM(): Reading 0x2 bytes from cartridge RAM in 1 iteration(s)
[2026-04-23T22:22:50+09:30] [LK_Device.py:527] _set_fw_variable(): Setting firmware variable TRANSFER_SIZE to 0x2
[2026-04-23T22:22:50+09:30] [LK_Device.py:527] _set_fw_variable(): Setting firmware variable ADDRESS to 0x4000
[2026-04-23T22:22:50+09:30] [LK_Device.py:3385] _BackupRestoreRAM(): Data Check: 0xC4C == 0xFFFF? False
[2026-04-23T22:22:50+09:30] [LK_Device.py:1528] ReadRAM(): Reading 0x2 bytes from cartridge RAM in 1 iteration(s)
[2026-04-23T22:22:50+09:30] [LK_Device.py:527] _set_fw_variable(): Setting firmware variable TRANSFER_SIZE to 0x2
[2026-04-23T22:22:50+09:30] [LK_Device.py:527] _set_fw_variable(): Setting firmware variable ADDRESS to 0x4000
[2026-04-23T22:22:50+09:30] [LK_Device.py:3385] _BackupRestoreRAM(): Data Check: 0xFFFF == 0xFFFF? True
[2026-04-23T22:22:50+09:30] [LK_Device.py:1614] WriteRAM(): Writing 0x1000 bytes to cartridge RAM in 16 iteration(s)
[2026-04-23T22:22:50+09:30] [LK_Device.py:527] _set_fw_variable(): Setting firmware variable TRANSFER_SIZE to 0x100
[2026-04-23T22:22:50+09:30] [LK_Device.py:527] _set_fw_variable(): Setting firmware variable ADDRESS to 0x4000
[2026-04-23T22:22:50+09:30] [LK_Device.py:3366] _BackupRestoreRAM(): Erasing flash save sector; pos=0x5000, sector_address=0x5000
[2026-04-23T22:22:50+09:30] [LK_Device.py:631] _cart_write_flash(): Writing to cartridge: 0x5555 = 0xAA (1 of 6)
[2026-04-23T22:22:50+09:30] [LK_Device.py:631] _cart_write_flash(): Writing to cartridge: 0x2AAA = 0x55 (2 of 6)
[2026-04-23T22:22:50+09:30] [LK_Device.py:631] _cart_write_flash(): Writing to cartridge: 0x5555 = 0x80 (3 of 6)
[2026-04-23T22:22:50+09:30] [LK_Device.py:631] _cart_write_flash(): Writing to cartridge: 0x5555 = 0xAA (4 of 6)
[2026-04-23T22:22:50+09:30] [LK_Device.py:631] _cart_write_flash(): Writing to cartridge: 0x2AAA = 0x55 (5 of 6)
[2026-04-23T22:22:50+09:30] [LK_Device.py:631] _cart_write_flash(): Writing to cartridge: 0x5000 = 0x30 (6 of 6)
[2026-04-23T22:22:50+09:30] [LK_Device.py:1528] ReadRAM(): Reading 0x2 bytes from cartridge RAM in 1 iteration(s)
[2026-04-23T22:22:50+09:30] [LK_Device.py:527] _set_fw_variable(): Setting firmware variable TRANSFER_SIZE to 0x2
[2026-04-23T22:22:50+09:30] [LK_Device.py:527] _set_fw_variable(): Setting firmware variable ADDRESS to 0x5000
[2026-04-23T22:22:50+09:30] [LK_Device.py:3385] _BackupRestoreRAM(): Data Check: 0xC4C == 0xFFFF? False
[2026-04-23T22:22:50+09:30] [LK_Device.py:1528] ReadRAM(): Reading 0x2 bytes from cartridge RAM in 1 iteration(s)
[2026-04-23T22:22:50+09:30] [LK_Device.py:527] _set_fw_variable(): Setting firmware variable TRANSFER_SIZE to 0x2
[2026-04-23T22:22:50+09:30] [LK_Device.py:527] _set_fw_variable(): Setting firmware variable ADDRESS to 0x5000
[2026-04-23T22:22:50+09:30] [LK_Device.py:3385] _BackupRestoreRAM(): Data Check: 0xC4C == 0xFFFF? False
[2026-04-23T22:22:50+09:30] [LK_Device.py:1528] ReadRAM(): Reading 0x2 bytes from cartridge RAM in 1 iteration(s)
[2026-04-23T22:22:50+09:30] [LK_Device.py:527] _set_fw_variable(): Setting firmware variable TRANSFER_SIZE to 0x2
[2026-04-23T22:22:50+09:30] [LK_Device.py:527] _set_fw_variable(): Setting firmware variable ADDRESS to 0x5000
[2026-04-23T22:22:50+09:30] [LK_Device.py:3385] _BackupRestoreRAM(): Data Check: 0xC4C == 0xFFFF? False
[2026-04-23T22:22:50+09:30] [LK_Device.py:1528] ReadRAM(): Reading 0x2 bytes from cartridge RAM in 1 iteration(s)
[2026-04-23T22:22:50+09:30] [LK_Device.py:527] _set_fw_variable(): Setting firmware variable TRANSFER_SIZE to 0x2
[2026-04-23T22:22:50+09:30] [LK_Device.py:527] _set_fw_variable(): Setting firmware variable ADDRESS to 0x5000
[2026-04-23T22:22:50+09:30] [LK_Device.py:3385] _BackupRestoreRAM(): Data Check: 0xC4C == 0xFFFF? False
[2026-04-23T22:22:50+09:30] [LK_Device.py:1528] ReadRAM(): Reading 0x2 bytes from cartridge RAM in 1 iteration(s)
[2026-04-23T22:22:50+09:30] [LK_Device.py:527] _set_fw_variable(): Setting firmware variable TRANSFER_SIZE to 0x2
[2026-04-23T22:22:50+09:30] [LK_Device.py:527] _set_fw_variable(): Setting firmware variable ADDRESS to 0x5000
[2026-04-23T22:22:50+09:30] [LK_Device.py:3385] _BackupRestoreRAM(): Data Check: 0xFFFF == 0xFFFF? True
[2026-04-23T22:22:50+09:30] [LK_Device.py:1614] WriteRAM(): Writing 0x1000 bytes to cartridge RAM in 16 iteration(s)
[2026-04-23T22:22:50+09:30] [LK_Device.py:527] _set_fw_variable(): Setting firmware variable TRANSFER_SIZE to 0x100
[2026-04-23T22:22:50+09:30] [LK_Device.py:527] _set_fw_variable(): Setting firmware variable ADDRESS to 0x5000
[2026-04-23T22:22:50+09:30] [LK_Device.py:3366] _BackupRestoreRAM(): Erasing flash save sector; pos=0x6000, sector_address=0x6000
[2026-04-23T22:22:50+09:30] [LK_Device.py:631] _cart_write_flash(): Writing to cartridge: 0x5555 = 0xAA (1 of 6)
[2026-04-23T22:22:50+09:30] [LK_Device.py:631] _cart_write_flash(): Writing to cartridge: 0x2AAA = 0x55 (2 of 6)
[2026-04-23T22:22:50+09:30] [LK_Device.py:631] _cart_write_flash(): Writing to cartridge: 0x5555 = 0x80 (3 of 6)
[2026-04-23T22:22:50+09:30] [LK_Device.py:631] _cart_write_flash(): Writing to cartridge: 0x5555 = 0xAA (4 of 6)
[2026-04-23T22:22:50+09:30] [LK_Device.py:631] _cart_write_flash(): Writing to cartridge: 0x2AAA = 0x55 (5 of 6)
[2026-04-23T22:22:50+09:30] [LK_Device.py:631] _cart_write_flash(): Writing to cartridge: 0x6000 = 0x30 (6 of 6)
[2026-04-23T22:22:50+09:30] [LK_Device.py:1528] ReadRAM(): Reading 0x2 bytes from cartridge RAM in 1 iteration(s)
[2026-04-23T22:22:50+09:30] [LK_Device.py:527] _set_fw_variable(): Setting firmware variable TRANSFER_SIZE to 0x2
[2026-04-23T22:22:50+09:30] [LK_Device.py:527] _set_fw_variable(): Setting firmware variable ADDRESS to 0x6000
[2026-04-23T22:22:50+09:30] [LK_Device.py:3385] _BackupRestoreRAM(): Data Check: 0xC4C == 0xFFFF? False
[2026-04-23T22:22:50+09:30] [LK_Device.py:1528] ReadRAM(): Reading 0x2 bytes from cartridge RAM in 1 iteration(s)
[2026-04-23T22:22:50+09:30] [LK_Device.py:527] _set_fw_variable(): Setting firmware variable TRANSFER_SIZE to 0x2
[2026-04-23T22:22:50+09:30] [LK_Device.py:527] _set_fw_variable(): Setting firmware variable ADDRESS to 0x6000
[2026-04-23T22:22:50+09:30] [LK_Device.py:3385] _BackupRestoreRAM(): Data Check: 0xC4C == 0xFFFF? False
[2026-04-23T22:22:50+09:30] [LK_Device.py:1528] ReadRAM(): Reading 0x2 bytes from cartridge RAM in 1 iteration(s)
[2026-04-23T22:22:50+09:30] [LK_Device.py:527] _set_fw_variable(): Setting firmware variable TRANSFER_SIZE to 0x2
[2026-04-23T22:22:50+09:30] [LK_Device.py:527] _set_fw_variable(): Setting firmware variable ADDRESS to 0x6000
[2026-04-23T22:22:50+09:30] [LK_Device.py:3385] _BackupRestoreRAM(): Data Check: 0xC4C == 0xFFFF? False
[2026-04-23T22:22:50+09:30] [LK_Device.py:1528] ReadRAM(): Reading 0x2 bytes from cartridge RAM in 1 iteration(s)
[2026-04-23T22:22:50+09:30] [LK_Device.py:527] _set_fw_variable(): Setting firmware variable TRANSFER_SIZE to 0x2
[2026-04-23T22:22:50+09:30] [LK_Device.py:527] _set_fw_variable(): Setting firmware variable ADDRESS to 0x6000
[2026-04-23T22:22:50+09:30] [LK_Device.py:3385] _BackupRestoreRAM(): Data Check: 0xC4C == 0xFFFF? False
[2026-04-23T22:22:50+09:30] [LK_Device.py:1528] ReadRAM(): Reading 0x2 bytes from cartridge RAM in 1 iteration(s)
[2026-04-23T22:22:50+09:30] [LK_Device.py:527] _set_fw_variable(): Setting firmware variable TRANSFER_SIZE to 0x2
[2026-04-23T22:22:50+09:30] [LK_Device.py:527] _set_fw_variable(): Setting firmware variable ADDRESS to 0x6000
[2026-04-23T22:22:50+09:30] [LK_Device.py:3385] _BackupRestoreRAM(): Data Check: 0xFFFF == 0xFFFF? True
[2026-04-23T22:22:50+09:30] [LK_Device.py:1614] WriteRAM(): Writing 0x1000 bytes to cartridge RAM in 16 iteration(s)
[2026-04-23T22:22:50+09:30] [LK_Device.py:527] _set_fw_variable(): Setting firmware variable TRANSFER_SIZE to 0x100
[2026-04-23T22:22:50+09:30] [LK_Device.py:527] _set_fw_variable(): Setting firmware variable ADDRESS to 0x6000
[2026-04-23T22:22:51+09:30] [LK_Device.py:3366] _BackupRestoreRAM(): Erasing flash save sector; pos=0x7000, sector_address=0x7000
[2026-04-23T22:22:51+09:30] [LK_Device.py:631] _cart_write_flash(): Writing to cartridge: 0x5555 = 0xAA (1 of 6)
[2026-04-23T22:22:51+09:30] [LK_Device.py:631] _cart_write_flash(): Writing to cartridge: 0x2AAA = 0x55 (2 of 6)
[2026-04-23T22:22:51+09:30] [LK_Device.py:631] _cart_write_flash(): Writing to cartridge: 0x5555 = 0x80 (3 of 6)
[2026-04-23T22:22:51+09:30] [LK_Device.py:631] _cart_write_flash(): Writing to cartridge: 0x5555 = 0xAA (4 of 6)
[2026-04-23T22:22:51+09:30] [LK_Device.py:631] _cart_write_flash(): Writing to cartridge: 0x2AAA = 0x55 (5 of 6)
[2026-04-23T22:22:51+09:30] [LK_Device.py:631] _cart_write_flash(): Writing to cartridge: 0x7000 = 0x30 (6 of 6)
[2026-04-23T22:22:51+09:30] [LK_Device.py:1528] ReadRAM(): Reading 0x2 bytes from cartridge RAM in 1 iteration(s)
[2026-04-23T22:22:51+09:30] [LK_Device.py:527] _set_fw_variable(): Setting firmware variable TRANSFER_SIZE to 0x2
[2026-04-23T22:22:51+09:30] [LK_Device.py:527] _set_fw_variable(): Setting firmware variable ADDRESS to 0x7000
[2026-04-23T22:22:51+09:30] [LK_Device.py:3385] _BackupRestoreRAM(): Data Check: 0xC4C == 0xFFFF? False
[2026-04-23T22:22:51+09:30] [LK_Device.py:1528] ReadRAM(): Reading 0x2 bytes from cartridge RAM in 1 iteration(s)
[2026-04-23T22:22:51+09:30] [LK_Device.py:527] _set_fw_variable(): Setting firmware variable TRANSFER_SIZE to 0x2
[2026-04-23T22:22:51+09:30] [LK_Device.py:527] _set_fw_variable(): Setting firmware variable ADDRESS to 0x7000
[2026-04-23T22:22:51+09:30] [LK_Device.py:3385] _BackupRestoreRAM(): Data Check: 0xC4C == 0xFFFF? False
[2026-04-23T22:22:51+09:30] [LK_Device.py:1528] ReadRAM(): Reading 0x2 bytes from cartridge RAM in 1 iteration(s)
[2026-04-23T22:22:51+09:30] [LK_Device.py:527] _set_fw_variable(): Setting firmware variable TRANSFER_SIZE to 0x2
[2026-04-23T22:22:51+09:30] [LK_Device.py:527] _set_fw_variable(): Setting firmware variable ADDRESS to 0x7000
[2026-04-23T22:22:51+09:30] [LK_Device.py:3385] _BackupRestoreRAM(): Data Check: 0xC4C == 0xFFFF? False
[2026-04-23T22:22:51+09:30] [LK_Device.py:1528] ReadRAM(): Reading 0x2 bytes from cartridge RAM in 1 iteration(s)
[2026-04-23T22:22:51+09:30] [LK_Device.py:527] _set_fw_variable(): Setting firmware variable TRANSFER_SIZE to 0x2
[2026-04-23T22:22:51+09:30] [LK_Device.py:527] _set_fw_variable(): Setting firmware variable ADDRESS to 0x7000
[2026-04-23T22:22:51+09:30] [LK_Device.py:3385] _BackupRestoreRAM(): Data Check: 0xC4C == 0xFFFF? False
[2026-04-23T22:22:51+09:30] [LK_Device.py:1528] ReadRAM(): Reading 0x2 bytes from cartridge RAM in 1 iteration(s)
[2026-04-23T22:22:51+09:30] [LK_Device.py:527] _set_fw_variable(): Setting firmware variable TRANSFER_SIZE to 0x2
[2026-04-23T22:22:51+09:30] [LK_Device.py:527] _set_fw_variable(): Setting firmware variable ADDRESS to 0x7000
[2026-04-23T22:22:51+09:30] [LK_Device.py:3385] _BackupRestoreRAM(): Data Check: 0xFFFF == 0xFFFF? True
[2026-04-23T22:22:51+09:30] [LK_Device.py:1614] WriteRAM(): Writing 0x1000 bytes to cartridge RAM in 16 iteration(s)
[2026-04-23T22:22:51+09:30] [LK_Device.py:527] _set_fw_variable(): Setting firmware variable TRANSFER_SIZE to 0x100
[2026-04-23T22:22:51+09:30] [LK_Device.py:527] _set_fw_variable(): Setting firmware variable ADDRESS to 0x7000
[2026-04-23T22:22:51+09:30] [LK_Device.py:3366] _BackupRestoreRAM(): Erasing flash save sector; pos=0x8000, sector_address=0x8000
[2026-04-23T22:22:51+09:30] [LK_Device.py:631] _cart_write_flash(): Writing to cartridge: 0x5555 = 0xAA (1 of 6)
[2026-04-23T22:22:51+09:30] [LK_Device.py:631] _cart_write_flash(): Writing to cartridge: 0x2AAA = 0x55 (2 of 6)
[2026-04-23T22:22:51+09:30] [LK_Device.py:631] _cart_write_flash(): Writing to cartridge: 0x5555 = 0x80 (3 of 6)
[2026-04-23T22:22:51+09:30] [LK_Device.py:631] _cart_write_flash(): Writing to cartridge: 0x5555 = 0xAA (4 of 6)
[2026-04-23T22:22:51+09:30] [LK_Device.py:631] _cart_write_flash(): Writing to cartridge: 0x2AAA = 0x55 (5 of 6)
[2026-04-23T22:22:51+09:30] [LK_Device.py:631] _cart_write_flash(): Writing to cartridge: 0x8000 = 0x30 (6 of 6)
[2026-04-23T22:22:51+09:30] [LK_Device.py:1528] ReadRAM(): Reading 0x2 bytes from cartridge RAM in 1 iteration(s)
[2026-04-23T22:22:51+09:30] [LK_Device.py:527] _set_fw_variable(): Setting firmware variable TRANSFER_SIZE to 0x2
[2026-04-23T22:22:51+09:30] [LK_Device.py:527] _set_fw_variable(): Setting firmware variable ADDRESS to 0x8000
[2026-04-23T22:22:51+09:30] [LK_Device.py:3385] _BackupRestoreRAM(): Data Check: 0xC4C == 0xFFFF? False
[2026-04-23T22:22:51+09:30] [LK_Device.py:1528] ReadRAM(): Reading 0x2 bytes from cartridge RAM in 1 iteration(s)
[2026-04-23T22:22:51+09:30] [LK_Device.py:527] _set_fw_variable(): Setting firmware variable TRANSFER_SIZE to 0x2
[2026-04-23T22:22:51+09:30] [LK_Device.py:527] _set_fw_variable(): Setting firmware variable ADDRESS to 0x8000
[2026-04-23T22:22:51+09:30] [LK_Device.py:3385] _BackupRestoreRAM(): Data Check: 0xC4C == 0xFFFF? False
[2026-04-23T22:22:51+09:30] [LK_Device.py:1528] ReadRAM(): Reading 0x2 bytes from cartridge RAM in 1 iteration(s)
[2026-04-23T22:22:51+09:30] [LK_Device.py:527] _set_fw_variable(): Setting firmware variable TRANSFER_SIZE to 0x2
[2026-04-23T22:22:51+09:30] [LK_Device.py:527] _set_fw_variable(): Setting firmware variable ADDRESS to 0x8000
[2026-04-23T22:22:51+09:30] [LK_Device.py:3385] _BackupRestoreRAM(): Data Check: 0xC4C == 0xFFFF? False
[2026-04-23T22:22:51+09:30] [LK_Device.py:1528] ReadRAM(): Reading 0x2 bytes from cartridge RAM in 1 iteration(s)
[2026-04-23T22:22:51+09:30] [LK_Device.py:527] _set_fw_variable(): Setting firmware variable TRANSFER_SIZE to 0x2
[2026-04-23T22:22:51+09:30] [LK_Device.py:527] _set_fw_variable(): Setting firmware variable ADDRESS to 0x8000
[2026-04-23T22:22:51+09:30] [LK_Device.py:3385] _BackupRestoreRAM(): Data Check: 0xC4C == 0xFFFF? False
[2026-04-23T22:22:51+09:30] [LK_Device.py:1528] ReadRAM(): Reading 0x2 bytes from cartridge RAM in 1 iteration(s)
[2026-04-23T22:22:51+09:30] [LK_Device.py:527] _set_fw_variable(): Setting firmware variable TRANSFER_SIZE to 0x2
[2026-04-23T22:22:51+09:30] [LK_Device.py:527] _set_fw_variable(): Setting firmware variable ADDRESS to 0x8000
[2026-04-23T22:22:51+09:30] [LK_Device.py:3385] _BackupRestoreRAM(): Data Check: 0xFFFF == 0xFFFF? True
[2026-04-23T22:22:51+09:30] [LK_Device.py:1614] WriteRAM(): Writing 0x1000 bytes to cartridge RAM in 16 iteration(s)
[2026-04-23T22:22:51+09:30] [LK_Device.py:527] _set_fw_variable(): Setting firmware variable TRANSFER_SIZE to 0x100
[2026-04-23T22:22:51+09:30] [LK_Device.py:527] _set_fw_variable(): Setting firmware variable ADDRESS to 0x8000
[2026-04-23T22:22:51+09:30] [LK_Device.py:3366] _BackupRestoreRAM(): Erasing flash save sector; pos=0x9000, sector_address=0x9000
[2026-04-23T22:22:51+09:30] [LK_Device.py:631] _cart_write_flash(): Writing to cartridge: 0x5555 = 0xAA (1 of 6)
[2026-04-23T22:22:51+09:30] [LK_Device.py:631] _cart_write_flash(): Writing to cartridge: 0x2AAA = 0x55 (2 of 6)
[2026-04-23T22:22:51+09:30] [LK_Device.py:631] _cart_write_flash(): Writing to cartridge: 0x5555 = 0x80 (3 of 6)
[2026-04-23T22:22:51+09:30] [LK_Device.py:631] _cart_write_flash(): Writing to cartridge: 0x5555 = 0xAA (4 of 6)
[2026-04-23T22:22:51+09:30] [LK_Device.py:631] _cart_write_flash(): Writing to cartridge: 0x2AAA = 0x55 (5 of 6)
[2026-04-23T22:22:51+09:30] [LK_Device.py:631] _cart_write_flash(): Writing to cartridge: 0x9000 = 0x30 (6 of 6)
[2026-04-23T22:22:51+09:30] [LK_Device.py:1528] ReadRAM(): Reading 0x2 bytes from cartridge RAM in 1 iteration(s)
[2026-04-23T22:22:51+09:30] [LK_Device.py:527] _set_fw_variable(): Setting firmware variable TRANSFER_SIZE to 0x2
[2026-04-23T22:22:51+09:30] [LK_Device.py:527] _set_fw_variable(): Setting firmware variable ADDRESS to 0x9000
[2026-04-23T22:22:51+09:30] [LK_Device.py:3385] _BackupRestoreRAM(): Data Check: 0xC4C == 0xFFFF? False
[2026-04-23T22:22:51+09:30] [LK_Device.py:1528] ReadRAM(): Reading 0x2 bytes from cartridge RAM in 1 iteration(s)
[2026-04-23T22:22:51+09:30] [LK_Device.py:527] _set_fw_variable(): Setting firmware variable TRANSFER_SIZE to 0x2
[2026-04-23T22:22:51+09:30] [LK_Device.py:527] _set_fw_variable(): Setting firmware variable ADDRESS to 0x9000
[2026-04-23T22:22:51+09:30] [LK_Device.py:3385] _BackupRestoreRAM(): Data Check: 0xC4C == 0xFFFF? False
[2026-04-23T22:22:51+09:30] [LK_Device.py:1528] ReadRAM(): Reading 0x2 bytes from cartridge RAM in 1 iteration(s)
[2026-04-23T22:22:51+09:30] [LK_Device.py:527] _set_fw_variable(): Setting firmware variable TRANSFER_SIZE to 0x2
[2026-04-23T22:22:51+09:30] [LK_Device.py:527] _set_fw_variable(): Setting firmware variable ADDRESS to 0x9000
[2026-04-23T22:22:51+09:30] [LK_Device.py:3385] _BackupRestoreRAM(): Data Check: 0xC4C == 0xFFFF? False
[2026-04-23T22:22:51+09:30] [LK_Device.py:1528] ReadRAM(): Reading 0x2 bytes from cartridge RAM in 1 iteration(s)
[2026-04-23T22:22:51+09:30] [LK_Device.py:527] _set_fw_variable(): Setting firmware variable TRANSFER_SIZE to 0x2
[2026-04-23T22:22:51+09:30] [LK_Device.py:527] _set_fw_variable(): Setting firmware variable ADDRESS to 0x9000
[2026-04-23T22:22:51+09:30] [LK_Device.py:3385] _BackupRestoreRAM(): Data Check: 0xC4C == 0xFFFF? False
[2026-04-23T22:22:51+09:30] [LK_Device.py:1528] ReadRAM(): Reading 0x2 bytes from cartridge RAM in 1 iteration(s)
[2026-04-23T22:22:51+09:30] [LK_Device.py:527] _set_fw_variable(): Setting firmware variable TRANSFER_SIZE to 0x2
[2026-04-23T22:22:51+09:30] [LK_Device.py:527] _set_fw_variable(): Setting firmware variable ADDRESS to 0x9000
[2026-04-23T22:22:51+09:30] [LK_Device.py:3385] _BackupRestoreRAM(): Data Check: 0xFFFF == 0xFFFF? True
[2026-04-23T22:22:51+09:30] [LK_Device.py:1614] WriteRAM(): Writing 0x1000 bytes to cartridge RAM in 16 iteration(s)
[2026-04-23T22:22:51+09:30] [LK_Device.py:527] _set_fw_variable(): Setting firmware variable TRANSFER_SIZE to 0x100
[2026-04-23T22:22:51+09:30] [LK_Device.py:527] _set_fw_variable(): Setting firmware variable ADDRESS to 0x9000
[2026-04-23T22:22:52+09:30] [LK_Device.py:3366] _BackupRestoreRAM(): Erasing flash save sector; pos=0xA000, sector_address=0xA000
[2026-04-23T22:22:52+09:30] [LK_Device.py:631] _cart_write_flash(): Writing to cartridge: 0x5555 = 0xAA (1 of 6)
[2026-04-23T22:22:52+09:30] [LK_Device.py:631] _cart_write_flash(): Writing to cartridge: 0x2AAA = 0x55 (2 of 6)
[2026-04-23T22:22:52+09:30] [LK_Device.py:631] _cart_write_flash(): Writing to cartridge: 0x5555 = 0x80 (3 of 6)
[2026-04-23T22:22:52+09:30] [LK_Device.py:631] _cart_write_flash(): Writing to cartridge: 0x5555 = 0xAA (4 of 6)
[2026-04-23T22:22:52+09:30] [LK_Device.py:631] _cart_write_flash(): Writing to cartridge: 0x2AAA = 0x55 (5 of 6)
[2026-04-23T22:22:52+09:30] [LK_Device.py:631] _cart_write_flash(): Writing to cartridge: 0xA000 = 0x30 (6 of 6)
[2026-04-23T22:22:52+09:30] [LK_Device.py:1528] ReadRAM(): Reading 0x2 bytes from cartridge RAM in 1 iteration(s)
[2026-04-23T22:22:52+09:30] [LK_Device.py:527] _set_fw_variable(): Setting firmware variable TRANSFER_SIZE to 0x2
[2026-04-23T22:22:52+09:30] [LK_Device.py:527] _set_fw_variable(): Setting firmware variable ADDRESS to 0xA000
[2026-04-23T22:22:52+09:30] [LK_Device.py:3385] _BackupRestoreRAM(): Data Check: 0xC4C == 0xFFFF? False
[2026-04-23T22:22:52+09:30] [LK_Device.py:1528] ReadRAM(): Reading 0x2 bytes from cartridge RAM in 1 iteration(s)
[2026-04-23T22:22:52+09:30] [LK_Device.py:527] _set_fw_variable(): Setting firmware variable TRANSFER_SIZE to 0x2
[2026-04-23T22:22:52+09:30] [LK_Device.py:527] _set_fw_variable(): Setting firmware variable ADDRESS to 0xA000
[2026-04-23T22:22:52+09:30] [LK_Device.py:3385] _BackupRestoreRAM(): Data Check: 0xC4C == 0xFFFF? False
[2026-04-23T22:22:52+09:30] [LK_Device.py:1528] ReadRAM(): Reading 0x2 bytes from cartridge RAM in 1 iteration(s)
[2026-04-23T22:22:52+09:30] [LK_Device.py:527] _set_fw_variable(): Setting firmware variable TRANSFER_SIZE to 0x2
[2026-04-23T22:22:52+09:30] [LK_Device.py:527] _set_fw_variable(): Setting firmware variable ADDRESS to 0xA000
[2026-04-23T22:22:52+09:30] [LK_Device.py:3385] _BackupRestoreRAM(): Data Check: 0xC4C == 0xFFFF? False
[2026-04-23T22:22:52+09:30] [LK_Device.py:1528] ReadRAM(): Reading 0x2 bytes from cartridge RAM in 1 iteration(s)
[2026-04-23T22:22:52+09:30] [LK_Device.py:527] _set_fw_variable(): Setting firmware variable TRANSFER_SIZE to 0x2
[2026-04-23T22:22:52+09:30] [LK_Device.py:527] _set_fw_variable(): Setting firmware variable ADDRESS to 0xA000
[2026-04-23T22:22:52+09:30] [LK_Device.py:3385] _BackupRestoreRAM(): Data Check: 0xC4C == 0xFFFF? False
[2026-04-23T22:22:52+09:30] [LK_Device.py:1528] ReadRAM(): Reading 0x2 bytes from cartridge RAM in 1 iteration(s)
[2026-04-23T22:22:52+09:30] [LK_Device.py:527] _set_fw_variable(): Setting firmware variable TRANSFER_SIZE to 0x2
[2026-04-23T22:22:52+09:30] [LK_Device.py:527] _set_fw_variable(): Setting firmware variable ADDRESS to 0xA000
[2026-04-23T22:22:52+09:30] [LK_Device.py:3385] _BackupRestoreRAM(): Data Check: 0xFFFF == 0xFFFF? True
[2026-04-23T22:22:52+09:30] [LK_Device.py:1614] WriteRAM(): Writing 0x1000 bytes to cartridge RAM in 16 iteration(s)
[2026-04-23T22:22:52+09:30] [LK_Device.py:527] _set_fw_variable(): Setting firmware variable TRANSFER_SIZE to 0x100
[2026-04-23T22:22:52+09:30] [LK_Device.py:527] _set_fw_variable(): Setting firmware variable ADDRESS to 0xA000
[2026-04-23T22:22:52+09:30] [LK_Device.py:3366] _BackupRestoreRAM(): Erasing flash save sector; pos=0xB000, sector_address=0xB000
[2026-04-23T22:22:52+09:30] [LK_Device.py:631] _cart_write_flash(): Writing to cartridge: 0x5555 = 0xAA (1 of 6)
[2026-04-23T22:22:52+09:30] [LK_Device.py:631] _cart_write_flash(): Writing to cartridge: 0x2AAA = 0x55 (2 of 6)
[2026-04-23T22:22:52+09:30] [LK_Device.py:631] _cart_write_flash(): Writing to cartridge: 0x5555 = 0x80 (3 of 6)
[2026-04-23T22:22:52+09:30] [LK_Device.py:631] _cart_write_flash(): Writing to cartridge: 0x5555 = 0xAA (4 of 6)
[2026-04-23T22:22:52+09:30] [LK_Device.py:631] _cart_write_flash(): Writing to cartridge: 0x2AAA = 0x55 (5 of 6)
[2026-04-23T22:22:52+09:30] [LK_Device.py:631] _cart_write_flash(): Writing to cartridge: 0xB000 = 0x30 (6 of 6)
[2026-04-23T22:22:52+09:30] [LK_Device.py:1528] ReadRAM(): Reading 0x2 bytes from cartridge RAM in 1 iteration(s)
[2026-04-23T22:22:52+09:30] [LK_Device.py:527] _set_fw_variable(): Setting firmware variable TRANSFER_SIZE to 0x2
[2026-04-23T22:22:52+09:30] [LK_Device.py:527] _set_fw_variable(): Setting firmware variable ADDRESS to 0xB000
[2026-04-23T22:22:52+09:30] [LK_Device.py:3385] _BackupRestoreRAM(): Data Check: 0xC4C == 0xFFFF? False
[2026-04-23T22:22:52+09:30] [LK_Device.py:1528] ReadRAM(): Reading 0x2 bytes from cartridge RAM in 1 iteration(s)
[2026-04-23T22:22:52+09:30] [LK_Device.py:527] _set_fw_variable(): Setting firmware variable TRANSFER_SIZE to 0x2
[2026-04-23T22:22:52+09:30] [LK_Device.py:527] _set_fw_variable(): Setting firmware variable ADDRESS to 0xB000
[2026-04-23T22:22:52+09:30] [LK_Device.py:3385] _BackupRestoreRAM(): Data Check: 0xC4C == 0xFFFF? False
[2026-04-23T22:22:52+09:30] [LK_Device.py:1528] ReadRAM(): Reading 0x2 bytes from cartridge RAM in 1 iteration(s)
[2026-04-23T22:22:52+09:30] [LK_Device.py:527] _set_fw_variable(): Setting firmware variable TRANSFER_SIZE to 0x2
[2026-04-23T22:22:52+09:30] [LK_Device.py:527] _set_fw_variable(): Setting firmware variable ADDRESS to 0xB000
[2026-04-23T22:22:52+09:30] [LK_Device.py:3385] _BackupRestoreRAM(): Data Check: 0xC4C == 0xFFFF? False
[2026-04-23T22:22:52+09:30] [LK_Device.py:1528] ReadRAM(): Reading 0x2 bytes from cartridge RAM in 1 iteration(s)
[2026-04-23T22:22:52+09:30] [LK_Device.py:527] _set_fw_variable(): Setting firmware variable TRANSFER_SIZE to 0x2
[2026-04-23T22:22:52+09:30] [LK_Device.py:527] _set_fw_variable(): Setting firmware variable ADDRESS to 0xB000
[2026-04-23T22:22:52+09:30] [LK_Device.py:3385] _BackupRestoreRAM(): Data Check: 0xC4C == 0xFFFF? False
[2026-04-23T22:22:52+09:30] [LK_Device.py:1528] ReadRAM(): Reading 0x2 bytes from cartridge RAM in 1 iteration(s)
[2026-04-23T22:22:52+09:30] [LK_Device.py:527] _set_fw_variable(): Setting firmware variable TRANSFER_SIZE to 0x2
[2026-04-23T22:22:52+09:30] [LK_Device.py:527] _set_fw_variable(): Setting firmware variable ADDRESS to 0xB000
[2026-04-23T22:22:52+09:30] [LK_Device.py:3385] _BackupRestoreRAM(): Data Check: 0xFFFF == 0xFFFF? True
[2026-04-23T22:22:52+09:30] [LK_Device.py:1614] WriteRAM(): Writing 0x1000 bytes to cartridge RAM in 16 iteration(s)
[2026-04-23T22:22:52+09:30] [LK_Device.py:527] _set_fw_variable(): Setting firmware variable TRANSFER_SIZE to 0x100
[2026-04-23T22:22:52+09:30] [LK_Device.py:527] _set_fw_variable(): Setting firmware variable ADDRESS to 0xB000
[2026-04-23T22:22:52+09:30] [LK_Device.py:3366] _BackupRestoreRAM(): Erasing flash save sector; pos=0xC000, sector_address=0xC000
[2026-04-23T22:22:52+09:30] [LK_Device.py:631] _cart_write_flash(): Writing to cartridge: 0x5555 = 0xAA (1 of 6)
[2026-04-23T22:22:52+09:30] [LK_Device.py:631] _cart_write_flash(): Writing to cartridge: 0x2AAA = 0x55 (2 of 6)
[2026-04-23T22:22:52+09:30] [LK_Device.py:631] _cart_write_flash(): Writing to cartridge: 0x5555 = 0x80 (3 of 6)
[2026-04-23T22:22:52+09:30] [LK_Device.py:631] _cart_write_flash(): Writing to cartridge: 0x5555 = 0xAA (4 of 6)
[2026-04-23T22:22:52+09:30] [LK_Device.py:631] _cart_write_flash(): Writing to cartridge: 0x2AAA = 0x55 (5 of 6)
[2026-04-23T22:22:52+09:30] [LK_Device.py:631] _cart_write_flash(): Writing to cartridge: 0xC000 = 0x30 (6 of 6)
[2026-04-23T22:22:52+09:30] [LK_Device.py:1528] ReadRAM(): Reading 0x2 bytes from cartridge RAM in 1 iteration(s)
[2026-04-23T22:22:52+09:30] [LK_Device.py:527] _set_fw_variable(): Setting firmware variable TRANSFER_SIZE to 0x2
[2026-04-23T22:22:52+09:30] [LK_Device.py:527] _set_fw_variable(): Setting firmware variable ADDRESS to 0xC000
[2026-04-23T22:22:52+09:30] [LK_Device.py:3385] _BackupRestoreRAM(): Data Check: 0xC4C == 0xFFFF? False
[2026-04-23T22:22:52+09:30] [LK_Device.py:1528] ReadRAM(): Reading 0x2 bytes from cartridge RAM in 1 iteration(s)
[2026-04-23T22:22:52+09:30] [LK_Device.py:527] _set_fw_variable(): Setting firmware variable TRANSFER_SIZE to 0x2
[2026-04-23T22:22:52+09:30] [LK_Device.py:527] _set_fw_variable(): Setting firmware variable ADDRESS to 0xC000
[2026-04-23T22:22:52+09:30] [LK_Device.py:3385] _BackupRestoreRAM(): Data Check: 0xC4C == 0xFFFF? False
[2026-04-23T22:22:52+09:30] [LK_Device.py:1528] ReadRAM(): Reading 0x2 bytes from cartridge RAM in 1 iteration(s)
[2026-04-23T22:22:52+09:30] [LK_Device.py:527] _set_fw_variable(): Setting firmware variable TRANSFER_SIZE to 0x2
[2026-04-23T22:22:52+09:30] [LK_Device.py:527] _set_fw_variable(): Setting firmware variable ADDRESS to 0xC000
[2026-04-23T22:22:52+09:30] [LK_Device.py:3385] _BackupRestoreRAM(): Data Check: 0xC4C == 0xFFFF? False
[2026-04-23T22:22:52+09:30] [LK_Device.py:1528] ReadRAM(): Reading 0x2 bytes from cartridge RAM in 1 iteration(s)
[2026-04-23T22:22:52+09:30] [LK_Device.py:527] _set_fw_variable(): Setting firmware variable TRANSFER_SIZE to 0x2
[2026-04-23T22:22:52+09:30] [LK_Device.py:527] _set_fw_variable(): Setting firmware variable ADDRESS to 0xC000
[2026-04-23T22:22:52+09:30] [LK_Device.py:3385] _BackupRestoreRAM(): Data Check: 0xC4C == 0xFFFF? False
[2026-04-23T22:22:52+09:30] [LK_Device.py:1528] ReadRAM(): Reading 0x2 bytes from cartridge RAM in 1 iteration(s)
[2026-04-23T22:22:52+09:30] [LK_Device.py:527] _set_fw_variable(): Setting firmware variable TRANSFER_SIZE to 0x2
[2026-04-23T22:22:52+09:30] [LK_Device.py:527] _set_fw_variable(): Setting firmware variable ADDRESS to 0xC000
[2026-04-23T22:22:52+09:30] [LK_Device.py:3385] _BackupRestoreRAM(): Data Check: 0xFFFF == 0xFFFF? True
[2026-04-23T22:22:52+09:30] [LK_Device.py:1614] WriteRAM(): Writing 0x1000 bytes to cartridge RAM in 16 iteration(s)
[2026-04-23T22:22:52+09:30] [LK_Device.py:527] _set_fw_variable(): Setting firmware variable TRANSFER_SIZE to 0x100
[2026-04-23T22:22:52+09:30] [LK_Device.py:527] _set_fw_variable(): Setting firmware variable ADDRESS to 0xC000
[2026-04-23T22:22:53+09:30] [LK_Device.py:3366] _BackupRestoreRAM(): Erasing flash save sector; pos=0xD000, sector_address=0xD000
[2026-04-23T22:22:53+09:30] [LK_Device.py:631] _cart_write_flash(): Writing to cartridge: 0x5555 = 0xAA (1 of 6)
[2026-04-23T22:22:53+09:30] [LK_Device.py:631] _cart_write_flash(): Writing to cartridge: 0x2AAA = 0x55 (2 of 6)
[2026-04-23T22:22:53+09:30] [LK_Device.py:631] _cart_write_flash(): Writing to cartridge: 0x5555 = 0x80 (3 of 6)
[2026-04-23T22:22:53+09:30] [LK_Device.py:631] _cart_write_flash(): Writing to cartridge: 0x5555 = 0xAA (4 of 6)
[2026-04-23T22:22:53+09:30] [LK_Device.py:631] _cart_write_flash(): Writing to cartridge: 0x2AAA = 0x55 (5 of 6)
[2026-04-23T22:22:53+09:30] [LK_Device.py:631] _cart_write_flash(): Writing to cartridge: 0xD000 = 0x30 (6 of 6)
[2026-04-23T22:22:53+09:30] [LK_Device.py:1528] ReadRAM(): Reading 0x2 bytes from cartridge RAM in 1 iteration(s)
[2026-04-23T22:22:53+09:30] [LK_Device.py:527] _set_fw_variable(): Setting firmware variable TRANSFER_SIZE to 0x2
[2026-04-23T22:22:53+09:30] [LK_Device.py:527] _set_fw_variable(): Setting firmware variable ADDRESS to 0xD000
[2026-04-23T22:22:53+09:30] [LK_Device.py:3385] _BackupRestoreRAM(): Data Check: 0xC4C == 0xFFFF? False
[2026-04-23T22:22:53+09:30] [LK_Device.py:1528] ReadRAM(): Reading 0x2 bytes from cartridge RAM in 1 iteration(s)
[2026-04-23T22:22:53+09:30] [LK_Device.py:527] _set_fw_variable(): Setting firmware variable TRANSFER_SIZE to 0x2
[2026-04-23T22:22:53+09:30] [LK_Device.py:527] _set_fw_variable(): Setting firmware variable ADDRESS to 0xD000
[2026-04-23T22:22:53+09:30] [LK_Device.py:3385] _BackupRestoreRAM(): Data Check: 0xC4C == 0xFFFF? False
[2026-04-23T22:22:53+09:30] [LK_Device.py:1528] ReadRAM(): Reading 0x2 bytes from cartridge RAM in 1 iteration(s)
[2026-04-23T22:22:53+09:30] [LK_Device.py:527] _set_fw_variable(): Setting firmware variable TRANSFER_SIZE to 0x2
[2026-04-23T22:22:53+09:30] [LK_Device.py:527] _set_fw_variable(): Setting firmware variable ADDRESS to 0xD000
[2026-04-23T22:22:53+09:30] [LK_Device.py:3385] _BackupRestoreRAM(): Data Check: 0xC4C == 0xFFFF? False
[2026-04-23T22:22:53+09:30] [LK_Device.py:1528] ReadRAM(): Reading 0x2 bytes from cartridge RAM in 1 iteration(s)
[2026-04-23T22:22:53+09:30] [LK_Device.py:527] _set_fw_variable(): Setting firmware variable TRANSFER_SIZE to 0x2
[2026-04-23T22:22:53+09:30] [LK_Device.py:527] _set_fw_variable(): Setting firmware variable ADDRESS to 0xD000
[2026-04-23T22:22:53+09:30] [LK_Device.py:3385] _BackupRestoreRAM(): Data Check: 0xC4C == 0xFFFF? False
[2026-04-23T22:22:53+09:30] [LK_Device.py:1528] ReadRAM(): Reading 0x2 bytes from cartridge RAM in 1 iteration(s)
[2026-04-23T22:22:53+09:30] [LK_Device.py:527] _set_fw_variable(): Setting firmware variable TRANSFER_SIZE to 0x2
[2026-04-23T22:22:53+09:30] [LK_Device.py:527] _set_fw_variable(): Setting firmware variable ADDRESS to 0xD000
[2026-04-23T22:22:53+09:30] [LK_Device.py:3385] _BackupRestoreRAM(): Data Check: 0xFFFF == 0xFFFF? True
[2026-04-23T22:22:53+09:30] [LK_Device.py:1614] WriteRAM(): Writing 0x1000 bytes to cartridge RAM in 16 iteration(s)
[2026-04-23T22:22:53+09:30] [LK_Device.py:527] _set_fw_variable(): Setting firmware variable TRANSFER_SIZE to 0x100
[2026-04-23T22:22:53+09:30] [LK_Device.py:527] _set_fw_variable(): Setting firmware variable ADDRESS to 0xD000
[2026-04-23T22:22:53+09:30] [LK_Device.py:3366] _BackupRestoreRAM(): Erasing flash save sector; pos=0xE000, sector_address=0xE000
[2026-04-23T22:22:53+09:30] [LK_Device.py:631] _cart_write_flash(): Writing to cartridge: 0x5555 = 0xAA (1 of 6)
[2026-04-23T22:22:53+09:30] [LK_Device.py:631] _cart_write_flash(): Writing to cartridge: 0x2AAA = 0x55 (2 of 6)
[2026-04-23T22:22:53+09:30] [LK_Device.py:631] _cart_write_flash(): Writing to cartridge: 0x5555 = 0x80 (3 of 6)
[2026-04-23T22:22:53+09:30] [LK_Device.py:631] _cart_write_flash(): Writing to cartridge: 0x5555 = 0xAA (4 of 6)
[2026-04-23T22:22:53+09:30] [LK_Device.py:631] _cart_write_flash(): Writing to cartridge: 0x2AAA = 0x55 (5 of 6)
[2026-04-23T22:22:53+09:30] [LK_Device.py:631] _cart_write_flash(): Writing to cartridge: 0xE000 = 0x30 (6 of 6)
[2026-04-23T22:22:53+09:30] [LK_Device.py:1528] ReadRAM(): Reading 0x2 bytes from cartridge RAM in 1 iteration(s)
[2026-04-23T22:22:53+09:30] [LK_Device.py:527] _set_fw_variable(): Setting firmware variable TRANSFER_SIZE to 0x2
[2026-04-23T22:22:53+09:30] [LK_Device.py:527] _set_fw_variable(): Setting firmware variable ADDRESS to 0xE000
[2026-04-23T22:22:53+09:30] [LK_Device.py:3385] _BackupRestoreRAM(): Data Check: 0xC4C == 0xFFFF? False
[2026-04-23T22:22:53+09:30] [LK_Device.py:1528] ReadRAM(): Reading 0x2 bytes from cartridge RAM in 1 iteration(s)
[2026-04-23T22:22:53+09:30] [LK_Device.py:527] _set_fw_variable(): Setting firmware variable TRANSFER_SIZE to 0x2
[2026-04-23T22:22:53+09:30] [LK_Device.py:527] _set_fw_variable(): Setting firmware variable ADDRESS to 0xE000
[2026-04-23T22:22:53+09:30] [LK_Device.py:3385] _BackupRestoreRAM(): Data Check: 0xC4C == 0xFFFF? False
[2026-04-23T22:22:53+09:30] [LK_Device.py:1528] ReadRAM(): Reading 0x2 bytes from cartridge RAM in 1 iteration(s)
[2026-04-23T22:22:53+09:30] [LK_Device.py:527] _set_fw_variable(): Setting firmware variable TRANSFER_SIZE to 0x2
[2026-04-23T22:22:53+09:30] [LK_Device.py:527] _set_fw_variable(): Setting firmware variable ADDRESS to 0xE000
[2026-04-23T22:22:53+09:30] [LK_Device.py:3385] _BackupRestoreRAM(): Data Check: 0xC4C == 0xFFFF? False
[2026-04-23T22:22:53+09:30] [LK_Device.py:1528] ReadRAM(): Reading 0x2 bytes from cartridge RAM in 1 iteration(s)
[2026-04-23T22:22:53+09:30] [LK_Device.py:527] _set_fw_variable(): Setting firmware variable TRANSFER_SIZE to 0x2
[2026-04-23T22:22:53+09:30] [LK_Device.py:527] _set_fw_variable(): Setting firmware variable ADDRESS to 0xE000
[2026-04-23T22:22:53+09:30] [LK_Device.py:3385] _BackupRestoreRAM(): Data Check: 0xC4C == 0xFFFF? False
[2026-04-23T22:22:53+09:30] [LK_Device.py:1528] ReadRAM(): Reading 0x2 bytes from cartridge RAM in 1 iteration(s)
[2026-04-23T22:22:53+09:30] [LK_Device.py:527] _set_fw_variable(): Setting firmware variable TRANSFER_SIZE to 0x2
[2026-04-23T22:22:53+09:30] [LK_Device.py:527] _set_fw_variable(): Setting firmware variable ADDRESS to 0xE000
[2026-04-23T22:22:53+09:30] [LK_Device.py:3385] _BackupRestoreRAM(): Data Check: 0xC4C == 0xFFFF? False
[2026-04-23T22:22:53+09:30] [LK_Device.py:1528] ReadRAM(): Reading 0x2 bytes from cartridge RAM in 1 iteration(s)
[2026-04-23T22:22:53+09:30] [LK_Device.py:527] _set_fw_variable(): Setting firmware variable TRANSFER_SIZE to 0x2
[2026-04-23T22:22:53+09:30] [LK_Device.py:527] _set_fw_variable(): Setting firmware variable ADDRESS to 0xE000
[2026-04-23T22:22:53+09:30] [LK_Device.py:3385] _BackupRestoreRAM(): Data Check: 0xFFFF == 0xFFFF? True
[2026-04-23T22:22:53+09:30] [LK_Device.py:3366] _BackupRestoreRAM(): Erasing flash save sector; pos=0xF000, sector_address=0xF000
[2026-04-23T22:22:53+09:30] [LK_Device.py:631] _cart_write_flash(): Writing to cartridge: 0x5555 = 0xAA (1 of 6)
[2026-04-23T22:22:53+09:30] [LK_Device.py:631] _cart_write_flash(): Writing to cartridge: 0x2AAA = 0x55 (2 of 6)
[2026-04-23T22:22:53+09:30] [LK_Device.py:631] _cart_write_flash(): Writing to cartridge: 0x5555 = 0x80 (3 of 6)
[2026-04-23T22:22:53+09:30] [LK_Device.py:631] _cart_write_flash(): Writing to cartridge: 0x5555 = 0xAA (4 of 6)
[2026-04-23T22:22:53+09:30] [LK_Device.py:631] _cart_write_flash(): Writing to cartridge: 0x2AAA = 0x55 (5 of 6)
[2026-04-23T22:22:53+09:30] [LK_Device.py:631] _cart_write_flash(): Writing to cartridge: 0xF000 = 0x30 (6 of 6)
[2026-04-23T22:22:53+09:30] [LK_Device.py:1528] ReadRAM(): Reading 0x2 bytes from cartridge RAM in 1 iteration(s)
[2026-04-23T22:22:53+09:30] [LK_Device.py:527] _set_fw_variable(): Setting firmware variable TRANSFER_SIZE to 0x2
[2026-04-23T22:22:53+09:30] [LK_Device.py:527] _set_fw_variable(): Setting firmware variable ADDRESS to 0xF000
[2026-04-23T22:22:53+09:30] [LK_Device.py:3385] _BackupRestoreRAM(): Data Check: 0xC4C == 0xFFFF? False
[2026-04-23T22:22:53+09:30] [LK_Device.py:1528] ReadRAM(): Reading 0x2 bytes from cartridge RAM in 1 iteration(s)
[2026-04-23T22:22:53+09:30] [LK_Device.py:527] _set_fw_variable(): Setting firmware variable TRANSFER_SIZE to 0x2
[2026-04-23T22:22:53+09:30] [LK_Device.py:527] _set_fw_variable(): Setting firmware variable ADDRESS to 0xF000
[2026-04-23T22:22:53+09:30] [LK_Device.py:3385] _BackupRestoreRAM(): Data Check: 0xC4C == 0xFFFF? False
[2026-04-23T22:22:53+09:30] [LK_Device.py:1528] ReadRAM(): Reading 0x2 bytes from cartridge RAM in 1 iteration(s)
[2026-04-23T22:22:53+09:30] [LK_Device.py:527] _set_fw_variable(): Setting firmware variable TRANSFER_SIZE to 0x2
[2026-04-23T22:22:53+09:30] [LK_Device.py:527] _set_fw_variable(): Setting firmware variable ADDRESS to 0xF000
[2026-04-23T22:22:53+09:30] [LK_Device.py:3385] _BackupRestoreRAM(): Data Check: 0xC4C == 0xFFFF? False
[2026-04-23T22:22:53+09:30] [LK_Device.py:1528] ReadRAM(): Reading 0x2 bytes from cartridge RAM in 1 iteration(s)
[2026-04-23T22:22:53+09:30] [LK_Device.py:527] _set_fw_variable(): Setting firmware variable TRANSFER_SIZE to 0x2
[2026-04-23T22:22:53+09:30] [LK_Device.py:527] _set_fw_variable(): Setting firmware variable ADDRESS to 0xF000
[2026-04-23T22:22:53+09:30] [LK_Device.py:3385] _BackupRestoreRAM(): Data Check: 0xC4C == 0xFFFF? False
[2026-04-23T22:22:53+09:30] [LK_Device.py:1528] ReadRAM(): Reading 0x2 bytes from cartridge RAM in 1 iteration(s)
[2026-04-23T22:22:53+09:30] [LK_Device.py:527] _set_fw_variable(): Setting firmware variable TRANSFER_SIZE to 0x2
[2026-04-23T22:22:53+09:30] [LK_Device.py:527] _set_fw_variable(): Setting firmware variable ADDRESS to 0xF000
[2026-04-23T22:22:53+09:30] [LK_Device.py:3385] _BackupRestoreRAM(): Data Check: 0xFFFF == 0xFFFF? True
[2026-04-23T22:22:53+09:30] [LK_Device.py:1461] ReadROM(): Reading 0x4 bytes from cartridge ROM at 0x0 in 1 iteration(s)
[2026-04-23T22:22:53+09:30] [LK_Device.py:527] _set_fw_variable(): Setting firmware variable TRANSFER_SIZE to 0x4
[2026-04-23T22:22:53+09:30] [LK_Device.py:527] _set_fw_variable(): Setting firmware variable ADDRESS to 0x0
[2026-04-23T22:22:53+09:30] [LK_Device.py:527] _set_fw_variable(): Setting firmware variable STATUS_REGISTER_MASK to 0x80
[2026-04-23T22:22:53+09:30] [LK_Device.py:527] _set_fw_variable(): Setting firmware variable STATUS_REGISTER_VALUE to 0x80
[2026-04-23T22:22:53+09:30] [LK_Device.py:1413] ReadFlashSaveID(): Checking Flash ID of Save Memory
[2026-04-23T22:22:53+09:30] [LK_Device.py:1528] ReadRAM(): Reading 0x10 bytes from cartridge RAM in 1 iteration(s)
[2026-04-23T22:22:53+09:30] [LK_Device.py:527] _set_fw_variable(): Setting firmware variable TRANSFER_SIZE to 0x10
[2026-04-23T22:22:53+09:30] [LK_Device.py:527] _set_fw_variable(): Setting firmware variable ADDRESS to 0x0
[2026-04-23T22:22:53+09:30] [LK_Device.py:631] _cart_write_flash(): Writing to cartridge: 0x4 = 0xFF (1 of 1)
[2026-04-23T22:22:53+09:30] [LK_Device.py:1528] ReadRAM(): Reading 0x10 bytes from cartridge RAM in 1 iteration(s)
[2026-04-23T22:22:53+09:30] [LK_Device.py:527] _set_fw_variable(): Setting firmware variable TRANSFER_SIZE to 0x10
[2026-04-23T22:22:53+09:30] [LK_Device.py:527] _set_fw_variable(): Setting firmware variable ADDRESS to 0x0
[2026-04-23T22:22:53+09:30] [LK_Device.py:631] _cart_write_flash(): Writing to cartridge: 0x4 = 0x0 (1 of 1)
[2026-04-23T22:22:53+09:30] [LK_Device.py:1528] ReadRAM(): Reading 0x1 bytes from cartridge RAM in 1 iteration(s)
[2026-04-23T22:22:53+09:30] [LK_Device.py:527] _set_fw_variable(): Setting firmware variable TRANSFER_SIZE to 0x1
[2026-04-23T22:22:53+09:30] [LK_Device.py:527] _set_fw_variable(): Setting firmware variable ADDRESS to 0x5555
[2026-04-23T22:22:53+09:30] [LK_Device.py:1528] ReadRAM(): Reading 0x1 bytes from cartridge RAM in 1 iteration(s)
[2026-04-23T22:22:53+09:30] [LK_Device.py:527] _set_fw_variable(): Setting firmware variable TRANSFER_SIZE to 0x1
[2026-04-23T22:22:53+09:30] [LK_Device.py:527] _set_fw_variable(): Setting firmware variable ADDRESS to 0x2AAA
[2026-04-23T22:22:53+09:30] [LK_Device.py:1528] ReadRAM(): Reading 0x1 bytes from cartridge RAM in 1 iteration(s)
[2026-04-23T22:22:53+09:30] [LK_Device.py:527] _set_fw_variable(): Setting firmware variable TRANSFER_SIZE to 0x1
[2026-04-23T22:22:53+09:30] [LK_Device.py:527] _set_fw_variable(): Setting firmware variable ADDRESS to 0x0
[2026-04-23T22:22:53+09:30] [LK_Device.py:631] _cart_write_flash(): Writing to cartridge: 0x5555 = 0xAA (1 of 3)
[2026-04-23T22:22:53+09:30] [LK_Device.py:631] _cart_write_flash(): Writing to cartridge: 0x2AAA = 0x55 (2 of 3)
[2026-04-23T22:22:53+09:30] [LK_Device.py:631] _cart_write_flash(): Writing to cartridge: 0x5555 = 0x90 (3 of 3)
[2026-04-23T22:22:53+09:30] [LK_Device.py:1528] ReadRAM(): Reading 0x2 bytes from cartridge RAM in 1 iteration(s)
[2026-04-23T22:22:53+09:30] [LK_Device.py:527] _set_fw_variable(): Setting firmware variable TRANSFER_SIZE to 0x2
[2026-04-23T22:22:53+09:30] [LK_Device.py:527] _set_fw_variable(): Setting firmware variable ADDRESS to 0x0
[2026-04-23T22:22:53+09:30] [LK_Device.py:631] _cart_write_flash(): Writing to cartridge: 0x5555 = 0xAA (1 of 3)
[2026-04-23T22:22:53+09:30] [LK_Device.py:631] _cart_write_flash(): Writing to cartridge: 0x2AAA = 0x55 (2 of 3)
[2026-04-23T22:22:53+09:30] [LK_Device.py:631] _cart_write_flash(): Writing to cartridge: 0x5555 = 0xF0 (3 of 3)
[2026-04-23T22:22:53+09:30] [LK_Device.py:631] _cart_write_flash(): Writing to cartridge: 0x0 = 0xF0 (1 of 1)
[2026-04-23T22:22:53+09:30] [LK_Device.py:1456] ReadFlashSaveID(): Macronix MX29L010
[2026-04-23T22:22:53+09:30] [LK_Device.py:3271] _BackupRestoreRAM(): Switching to FLASH bank 0
[2026-04-23T22:22:53+09:30] [LK_Device.py:631] _cart_write_flash(): Writing to cartridge: 0x5555 = 0xAA (1 of 4)
[2026-04-23T22:22:53+09:30] [LK_Device.py:631] _cart_write_flash(): Writing to cartridge: 0x2AAA = 0x55 (2 of 4)
[2026-04-23T22:22:53+09:30] [LK_Device.py:631] _cart_write_flash(): Writing to cartridge: 0x5555 = 0xB0 (3 of 4)
[2026-04-23T22:22:53+09:30] [LK_Device.py:631] _cart_write_flash(): Writing to cartridge: 0x0 = 0x0 (4 of 4)
[2026-04-23T22:22:53+09:30] [LK_Device.py:3284] _BackupRestoreRAM(): start_address=0x0, end_address=0x10000, buffer_len=0x1000, buffer_offset=0x0
[2026-04-23T22:22:53+09:30] [LK_Device.py:1528] ReadRAM(): Reading 0x1000 bytes from cartridge RAM in 64 iteration(s)
[2026-04-23T22:22:53+09:30] [LK_Device.py:527] _set_fw_variable(): Setting firmware variable TRANSFER_SIZE to 0x40
[2026-04-23T22:22:53+09:30] [LK_Device.py:527] _set_fw_variable(): Setting firmware variable ADDRESS to 0x0
[2026-04-23T22:22:54+09:30] [LK_Device.py:1528] ReadRAM(): Reading 0x1000 bytes from cartridge RAM in 64 iteration(s)
[2026-04-23T22:22:54+09:30] [LK_Device.py:527] _set_fw_variable(): Setting firmware variable TRANSFER_SIZE to 0x40
[2026-04-23T22:22:54+09:30] [LK_Device.py:527] _set_fw_variable(): Setting firmware variable ADDRESS to 0x1000
[2026-04-23T22:22:54+09:30] [LK_Device.py:1528] ReadRAM(): Reading 0x1000 bytes from cartridge RAM in 64 iteration(s)
[2026-04-23T22:22:54+09:30] [LK_Device.py:527] _set_fw_variable(): Setting firmware variable TRANSFER_SIZE to 0x40
[2026-04-23T22:22:54+09:30] [LK_Device.py:527] _set_fw_variable(): Setting firmware variable ADDRESS to 0x2000
[2026-04-23T22:22:54+09:30] [LK_Device.py:1528] ReadRAM(): Reading 0x1000 bytes from cartridge RAM in 64 iteration(s)
[2026-04-23T22:22:54+09:30] [LK_Device.py:527] _set_fw_variable(): Setting firmware variable TRANSFER_SIZE to 0x40
[2026-04-23T22:22:54+09:30] [LK_Device.py:527] _set_fw_variable(): Setting firmware variable ADDRESS to 0x3000
[2026-04-23T22:22:54+09:30] [LK_Device.py:1528] ReadRAM(): Reading 0x1000 bytes from cartridge RAM in 64 iteration(s)
[2026-04-23T22:22:54+09:30] [LK_Device.py:527] _set_fw_variable(): Setting firmware variable TRANSFER_SIZE to 0x40
[2026-04-23T22:22:54+09:30] [LK_Device.py:527] _set_fw_variable(): Setting firmware variable ADDRESS to 0x4000
[2026-04-23T22:22:54+09:30] [LK_Device.py:1528] ReadRAM(): Reading 0x1000 bytes from cartridge RAM in 64 iteration(s)
[2026-04-23T22:22:54+09:30] [LK_Device.py:527] _set_fw_variable(): Setting firmware variable TRANSFER_SIZE to 0x40
[2026-04-23T22:22:54+09:30] [LK_Device.py:527] _set_fw_variable(): Setting firmware variable ADDRESS to 0x5000
[2026-04-23T22:22:54+09:30] [LK_Device.py:1528] ReadRAM(): Reading 0x1000 bytes from cartridge RAM in 64 iteration(s)
[2026-04-23T22:22:54+09:30] [LK_Device.py:527] _set_fw_variable(): Setting firmware variable TRANSFER_SIZE to 0x40
[2026-04-23T22:22:54+09:30] [LK_Device.py:527] _set_fw_variable(): Setting firmware variable ADDRESS to 0x6000
[2026-04-23T22:22:54+09:30] [LK_Device.py:1528] ReadRAM(): Reading 0x1000 bytes from cartridge RAM in 64 iteration(s)
[2026-04-23T22:22:54+09:30] [LK_Device.py:527] _set_fw_variable(): Setting firmware variable TRANSFER_SIZE to 0x40
[2026-04-23T22:22:54+09:30] [LK_Device.py:527] _set_fw_variable(): Setting firmware variable ADDRESS to 0x7000
[2026-04-23T22:22:55+09:30] [LK_Device.py:1528] ReadRAM(): Reading 0x1000 bytes from cartridge RAM in 64 iteration(s)
[2026-04-23T22:22:55+09:30] [LK_Device.py:527] _set_fw_variable(): Setting firmware variable TRANSFER_SIZE to 0x40
[2026-04-23T22:22:55+09:30] [LK_Device.py:527] _set_fw_variable(): Setting firmware variable ADDRESS to 0x8000
[2026-04-23T22:22:55+09:30] [LK_Device.py:1528] ReadRAM(): Reading 0x1000 bytes from cartridge RAM in 64 iteration(s)
[2026-04-23T22:22:55+09:30] [LK_Device.py:527] _set_fw_variable(): Setting firmware variable TRANSFER_SIZE to 0x40
[2026-04-23T22:22:55+09:30] [LK_Device.py:527] _set_fw_variable(): Setting firmware variable ADDRESS to 0x9000
[2026-04-23T22:22:55+09:30] [LK_Device.py:1528] ReadRAM(): Reading 0x1000 bytes from cartridge RAM in 64 iteration(s)
[2026-04-23T22:22:55+09:30] [LK_Device.py:527] _set_fw_variable(): Setting firmware variable TRANSFER_SIZE to 0x40
[2026-04-23T22:22:55+09:30] [LK_Device.py:527] _set_fw_variable(): Setting firmware variable ADDRESS to 0xA000
[2026-04-23T22:22:55+09:30] [LK_Device.py:1528] ReadRAM(): Reading 0x1000 bytes from cartridge RAM in 64 iteration(s)
[2026-04-23T22:22:55+09:30] [LK_Device.py:527] _set_fw_variable(): Setting firmware variable TRANSFER_SIZE to 0x40
[2026-04-23T22:22:55+09:30] [LK_Device.py:527] _set_fw_variable(): Setting firmware variable ADDRESS to 0xB000
[2026-04-23T22:22:55+09:30] [LK_Device.py:1528] ReadRAM(): Reading 0x1000 bytes from cartridge RAM in 64 iteration(s)
[2026-04-23T22:22:55+09:30] [LK_Device.py:527] _set_fw_variable(): Setting firmware variable TRANSFER_SIZE to 0x40
[2026-04-23T22:22:55+09:30] [LK_Device.py:527] _set_fw_variable(): Setting firmware variable ADDRESS to 0xC000
[2026-04-23T22:22:55+09:30] [LK_Device.py:1528] ReadRAM(): Reading 0x1000 bytes from cartridge RAM in 64 iteration(s)
[2026-04-23T22:22:55+09:30] [LK_Device.py:527] _set_fw_variable(): Setting firmware variable TRANSFER_SIZE to 0x40
[2026-04-23T22:22:55+09:30] [LK_Device.py:527] _set_fw_variable(): Setting firmware variable ADDRESS to 0xD000
[2026-04-23T22:22:56+09:30] [LK_Device.py:1528] ReadRAM(): Reading 0x1000 bytes from cartridge RAM in 64 iteration(s)
[2026-04-23T22:22:56+09:30] [LK_Device.py:527] _set_fw_variable(): Setting firmware variable TRANSFER_SIZE to 0x40
[2026-04-23T22:22:56+09:30] [LK_Device.py:527] _set_fw_variable(): Setting firmware variable ADDRESS to 0xE000
[2026-04-23T22:22:56+09:30] [LK_Device.py:1528] ReadRAM(): Reading 0x1000 bytes from cartridge RAM in 64 iteration(s)
[2026-04-23T22:22:56+09:30] [LK_Device.py:527] _set_fw_variable(): Setting firmware variable TRANSFER_SIZE to 0x40
[2026-04-23T22:22:56+09:30] [LK_Device.py:527] _set_fw_variable(): Setting firmware variable ADDRESS to 0xF000
[2026-04-23T22:22:56+09:30] [LK_Device.py:3271] _BackupRestoreRAM(): Switching to FLASH bank 1
[2026-04-23T22:22:56+09:30] [LK_Device.py:631] _cart_write_flash(): Writing to cartridge: 0x5555 = 0xAA (1 of 4)
[2026-04-23T22:22:56+09:30] [LK_Device.py:631] _cart_write_flash(): Writing to cartridge: 0x2AAA = 0x55 (2 of 4)
[2026-04-23T22:22:56+09:30] [LK_Device.py:631] _cart_write_flash(): Writing to cartridge: 0x5555 = 0xB0 (3 of 4)
[2026-04-23T22:22:56+09:30] [LK_Device.py:631] _cart_write_flash(): Writing to cartridge: 0x0 = 0x1 (4 of 4)
[2026-04-23T22:22:56+09:30] [LK_Device.py:3284] _BackupRestoreRAM(): start_address=0x0, end_address=0x10000, buffer_len=0x1000, buffer_offset=0x10000
[2026-04-23T22:22:56+09:30] [LK_Device.py:1528] ReadRAM(): Reading 0x1000 bytes from cartridge RAM in 64 iteration(s)
[2026-04-23T22:22:56+09:30] [LK_Device.py:527] _set_fw_variable(): Setting firmware variable TRANSFER_SIZE to 0x40
[2026-04-23T22:22:56+09:30] [LK_Device.py:527] _set_fw_variable(): Setting firmware variable ADDRESS to 0x0
[2026-04-23T22:22:56+09:30] [LK_Device.py:1528] ReadRAM(): Reading 0x1000 bytes from cartridge RAM in 64 iteration(s)
[2026-04-23T22:22:56+09:30] [LK_Device.py:527] _set_fw_variable(): Setting firmware variable TRANSFER_SIZE to 0x40
[2026-04-23T22:22:56+09:30] [LK_Device.py:527] _set_fw_variable(): Setting firmware variable ADDRESS to 0x1000
[2026-04-23T22:22:56+09:30] [LK_Device.py:1528] ReadRAM(): Reading 0x1000 bytes from cartridge RAM in 64 iteration(s)
[2026-04-23T22:22:56+09:30] [LK_Device.py:527] _set_fw_variable(): Setting firmware variable TRANSFER_SIZE to 0x40
[2026-04-23T22:22:56+09:30] [LK_Device.py:527] _set_fw_variable(): Setting firmware variable ADDRESS to 0x2000
[2026-04-23T22:22:56+09:30] [LK_Device.py:1528] ReadRAM(): Reading 0x1000 bytes from cartridge RAM in 64 iteration(s)
[2026-04-23T22:22:56+09:30] [LK_Device.py:527] _set_fw_variable(): Setting firmware variable TRANSFER_SIZE to 0x40
[2026-04-23T22:22:56+09:30] [LK_Device.py:527] _set_fw_variable(): Setting firmware variable ADDRESS to 0x3000
[2026-04-23T22:22:57+09:30] [LK_Device.py:1528] ReadRAM(): Reading 0x1000 bytes from cartridge RAM in 64 iteration(s)
[2026-04-23T22:22:57+09:30] [LK_Device.py:527] _set_fw_variable(): Setting firmware variable TRANSFER_SIZE to 0x40
[2026-04-23T22:22:57+09:30] [LK_Device.py:527] _set_fw_variable(): Setting firmware variable ADDRESS to 0x4000
[2026-04-23T22:22:57+09:30] [LK_Device.py:1528] ReadRAM(): Reading 0x1000 bytes from cartridge RAM in 64 iteration(s)
[2026-04-23T22:22:57+09:30] [LK_Device.py:527] _set_fw_variable(): Setting firmware variable TRANSFER_SIZE to 0x40
[2026-04-23T22:22:57+09:30] [LK_Device.py:527] _set_fw_variable(): Setting firmware variable ADDRESS to 0x5000
[2026-04-23T22:22:57+09:30] [LK_Device.py:1528] ReadRAM(): Reading 0x1000 bytes from cartridge RAM in 64 iteration(s)
[2026-04-23T22:22:57+09:30] [LK_Device.py:527] _set_fw_variable(): Setting firmware variable TRANSFER_SIZE to 0x40
[2026-04-23T22:22:57+09:30] [LK_Device.py:527] _set_fw_variable(): Setting firmware variable ADDRESS to 0x6000
[2026-04-23T22:22:57+09:30] [LK_Device.py:1528] ReadRAM(): Reading 0x1000 bytes from cartridge RAM in 64 iteration(s)
[2026-04-23T22:22:57+09:30] [LK_Device.py:527] _set_fw_variable(): Setting firmware variable TRANSFER_SIZE to 0x40
[2026-04-23T22:22:57+09:30] [LK_Device.py:527] _set_fw_variable(): Setting firmware variable ADDRESS to 0x7000
[2026-04-23T22:22:57+09:30] [LK_Device.py:1528] ReadRAM(): Reading 0x1000 bytes from cartridge RAM in 64 iteration(s)
[2026-04-23T22:22:57+09:30] [LK_Device.py:527] _set_fw_variable(): Setting firmware variable TRANSFER_SIZE to 0x40
[2026-04-23T22:22:57+09:30] [LK_Device.py:527] _set_fw_variable(): Setting firmware variable ADDRESS to 0x8000
[2026-04-23T22:22:57+09:30] [LK_Device.py:1528] ReadRAM(): Reading 0x1000 bytes from cartridge RAM in 64 iteration(s)
[2026-04-23T22:22:57+09:30] [LK_Device.py:527] _set_fw_variable(): Setting firmware variable TRANSFER_SIZE to 0x40
[2026-04-23T22:22:57+09:30] [LK_Device.py:527] _set_fw_variable(): Setting firmware variable ADDRESS to 0x9000
[2026-04-23T22:22:57+09:30] [LK_Device.py:1528] ReadRAM(): Reading 0x1000 bytes from cartridge RAM in 64 iteration(s)
[2026-04-23T22:22:57+09:30] [LK_Device.py:527] _set_fw_variable(): Setting firmware variable TRANSFER_SIZE to 0x40
[2026-04-23T22:22:57+09:30] [LK_Device.py:527] _set_fw_variable(): Setting firmware variable ADDRESS to 0xA000
[2026-04-23T22:22:57+09:30] [LK_Device.py:1528] ReadRAM(): Reading 0x1000 bytes from cartridge RAM in 64 iteration(s)
[2026-04-23T22:22:57+09:30] [LK_Device.py:527] _set_fw_variable(): Setting firmware variable TRANSFER_SIZE to 0x40
[2026-04-23T22:22:57+09:30] [LK_Device.py:527] _set_fw_variable(): Setting firmware variable ADDRESS to 0xB000
[2026-04-23T22:22:58+09:30] [LK_Device.py:1528] ReadRAM(): Reading 0x1000 bytes from cartridge RAM in 64 iteration(s)
[2026-04-23T22:22:58+09:30] [LK_Device.py:527] _set_fw_variable(): Setting firmware variable TRANSFER_SIZE to 0x40
[2026-04-23T22:22:58+09:30] [LK_Device.py:527] _set_fw_variable(): Setting firmware variable ADDRESS to 0xC000
[2026-04-23T22:22:58+09:30] [LK_Device.py:1528] ReadRAM(): Reading 0x1000 bytes from cartridge RAM in 64 iteration(s)
[2026-04-23T22:22:58+09:30] [LK_Device.py:527] _set_fw_variable(): Setting firmware variable TRANSFER_SIZE to 0x40
[2026-04-23T22:22:58+09:30] [LK_Device.py:527] _set_fw_variable(): Setting firmware variable ADDRESS to 0xD000
[2026-04-23T22:22:58+09:30] [LK_Device.py:1528] ReadRAM(): Reading 0x1000 bytes from cartridge RAM in 64 iteration(s)
[2026-04-23T22:22:58+09:30] [LK_Device.py:527] _set_fw_variable(): Setting firmware variable TRANSFER_SIZE to 0x40
[2026-04-23T22:22:58+09:30] [LK_Device.py:527] _set_fw_variable(): Setting firmware variable ADDRESS to 0xE000
[2026-04-23T22:22:58+09:30] [LK_Device.py:1528] ReadRAM(): Reading 0x1000 bytes from cartridge RAM in 64 iteration(s)
[2026-04-23T22:22:58+09:30] [LK_Device.py:527] _set_fw_variable(): Setting firmware variable TRANSFER_SIZE to 0x40
[2026-04-23T22:22:58+09:30] [LK_Device.py:527] _set_fw_variable(): Setting firmware variable ADDRESS to 0xF000
[2026-04-23T22:22:58+09:30] [LK_Device.py:527] _set_fw_variable(): Setting firmware variable AUTO_POWEROFF_TIME to 0x15E
[2026-04-23T22:23:01+09:30] [Util.py:962] write_debug_log(): FlashGBX version: 4.6 (1769513530)
[2026-04-23T22:23:01+09:30] [Util.py:963] write_debug_log(): Platform: Linux-6.19.11-arch1-1-x86_64-with-glibc2.43
[2026-04-23T22:23:01+09:30] [Util.py:966] write_debug_log(): Connected device: GBxCart RW v1.4a/b/c – Firmware R42+L14 (2025-05-23T18:48:04+09:30) on /dev/ttyUSB1 at 1.5M baud
[2026-04-23T22:23:01+09:30] [Util.py:969] write_debug_log(): Now writing debug log file